EVT_PHYS,EVT_NAME,Sum of ACRES
Agricultural,Eastern Cool Temperate Row Crop,"112,983,258"
Agricultural,Western Cool Temperate Row Crop,"76,649,344"
Agricultural,Eastern Cool Temperate Pasture and Hayland,"56,656,210"
Agricultural,Western Cool Temperate Wheat,"40,671,220"
Agricultural,Eastern Warm Temperate Row Crop,"20,189,834"
Agricultural,Western Cool Temperate Close Grown Crop,"18,407,627"
Agricultural,Western Cool Temperate Pasture and Hayland,"18,108,932"
Agricultural,Western Cool Temperate Fallow/Idle Cropland,"15,202,514"
Agricultural,Eastern Warm Temperate Pasture and Hayland,"13,444,265"
Agricultural,Eastern Cool Temperate Close Grown Crop,"10,487,489"
Agricultural,Western Warm Temperate Pasture and Hayland,"9,548,459"
Agricultural,Western Warm Temperate Row Crop,"7,704,313"
Agricultural,Eastern Cool Temperate Wheat,"6,490,895"
Agricultural,Western Warm Temperate Fallow/Idle Cropland,"3,672,153"
Agricultural,Eastern Warm Temperate Fallow/Idle Cropland,"3,170,402"
Agricultural,Western Warm Temperate Orchard,"2,747,248"
Agricultural,Western Warm Temperate Wheat,"2,042,519"
Agricultural,Eastern Cool Temperate Fallow/Idle Cropland,"1,957,452"
Agricultural,Western Warm Temperate Close Grown Crop,"1,838,937"
Agricultural,Eastern Warm Temperate Orchard,"1,198,204"
Agricultural,Western Warm Temperate Vineyard,"799,771"
Agricultural,Western Cool Temperate Orchard,"569,689"
Agricultural,Eastern Warm Temperate Close Grown Crop,"489,664"
Agricultural,Eastern Cool Temperate Orchard,"404,661"
Agricultural,Western Cool Temperate Vineyard,"291,986"
Agricultural,Eastern Cool Temperate Row Crop-Close Grown Crop,"243,620"
Agricultural,Western Cool Temperate Row Crop-Close Grown Crop,"237,322"
Agricultural,Eastern Warm Temperate Aquaculture,"207,537"
Agricultural,Agriculture-Cultivated Crops and Irrigated Agriculture,"140,738"
Agricultural,Eastern Cool Temperate Bush fruit and berries,"128,301"
Agricultural,Agriculture-Pasture and Hay,"111,897"
Agricultural,Eastern Cool Temperate Vineyard,"82,234"
Agricultural,Eastern Warm Temperate Wheat,"73,094"
Agricultural,Western Cool Temperate Bush fruit and berries,"45,520"
Agricultural,Western Warm Temperate Row Crop-Close Grown Crop,"36,184"
Agricultural,Sugar Cane,"34,138"
Agricultural,Eastern Warm Temperate Bush fruit and berries,"33,122"
Agricultural,Eastern Warm Temperate Row Crop-Close Grown Crop,"32,679"
Agricultural,Tropical Pacific Orchard,"25,201"
Agricultural,Western Warm Temperate Bush fruit and berries,"22,104"
Agricultural,Tropical Pacific Bush fruit and Berries,"11,032"
Agricultural,Western Warm Temperate Aquaculture,"8,006"
Agricultural,Eastern Cool Temperate Aquaculture,"1,631"
Agricultural,Eastern Warm Temperate Vineyard,"1,230"
Agricultural,Tropical Pacific Aquaculture,282
Conifer,Southeastern North American Temperate Forest Plantation,"43,330,424"
Conifer,Colorado Plateau Pinyon-Juniper Woodland,"18,457,412"
Conifer,Boreal Coniferous Woody Wetland,"18,245,179"
Conifer,Western North American Boreal White Spruce Forest,"17,335,806"
Conifer,Northern Rocky Mountain Dry-Mesic Montane Mixed Conifer Forest,"13,044,064"
Conifer,Southern Rocky Mountain Ponderosa Pine Woodland,"12,215,395"
Conifer,Rocky Mountain Subalpine Dry-Mesic Spruce-Fir Forest and Woodland,"11,864,870"
Conifer,Great Basin Pinyon-Juniper Woodland,"11,737,733"
Conifer,Western North American Boreal Mesic Black Spruce Forest,"11,321,700"
Conifer,Rocky Mountain Lodgepole Pine Forest,"10,423,964"
Conifer,Alaska Boreal White Spruce Forest,"7,693,880"
Conifer,Northern Rocky Mountain Mesic Montane Mixed Conifer Forest,"7,287,039"
Conifer,Madrean Pinyon-Juniper Woodland,"7,063,910"
Conifer,Middle Rocky Mountain Montane Douglas-fir Forest and Woodland,"6,936,626"
Conifer,Northern Rocky Mountain Ponderosa Pine Woodland and Savanna,"6,765,811"
Conifer,Alaskan Pacific Maritime Western Hemlock Forest,"6,200,000"
Conifer,North Pacific Maritime Dry-Mesic Douglas-fir-Western Hemlock Forest,"6,162,919"
Conifer,Boreal Shrub-Tussock Tundra,"5,762,595"
Conifer,Mediterranean California Mixed Evergreen Forest,"5,717,985"
Conifer,Northwestern Great Plains-Black Hills Ponderosa Pine Woodland and Savanna,"5,237,267"
Conifer,Mediterranean California Mesic Mixed Conifer Forest and Woodland,"5,234,710"
Conifer,Recently Logged-Tree Cover,"4,625,481"
Conifer,Acadian Low-Elevation Spruce-Fir Forest,"4,212,087"
Conifer,Northeastern North American Temperate Forest Plantation,"4,124,703"
Conifer,Boreal Black Spruce-Tussock Woodland,"4,111,505"
Conifer,Mediterranean California Dry-Mesic Mixed Conifer Forest and Woodland,"4,090,680"
Conifer,Southern Rocky Mountain Pinyon-Juniper Woodland,"3,767,184"
Conifer,Western North American Boreal Treeline White Spruce Woodland,"3,661,605"
Conifer,West Gulf Coastal Plain Pine Forest,"3,531,809"
Conifer,North Pacific Maritime Mesic-Wet Douglas-fir-Western Hemlock Forest,"3,518,007"
Conifer,North Pacific Mesic Western Hemlock-Silver Fir Forest,"3,485,446"
Conifer,Southern Rocky Mountain Dry-Mesic Montane Mixed Conifer Forest and Woodland,"3,382,548"
Conifer,Columbia Plateau Western Juniper Woodland and Savanna,"3,276,691"
Conifer,Rocky Mountain Subalpine Mesic-Wet Spruce-Fir Forest and Woodland,"3,210,732"
Conifer,Laurentian-Acadian Pine-Hemlock Forest,"3,009,830"
Conifer,Alaskan Pacific Maritime Mountain Hemlock Forest,"2,944,100"
Conifer,Northern Rocky Mountain Subalpine Woodland and Parkland,"2,781,816"
Conifer,Laurentian-Acadian Sub-boreal Mesic Balsam Fir-Spruce Forest,"2,575,387"
Conifer,Alaskan Pacific Maritime Sitka Spruce Forest,"2,410,620"
Conifer,Ozark-Ouachita Shortleaf Pine Forest and Woodland,"2,304,906"
Conifer,Laurentian Jack Pine-Red Pine Forest,"2,226,634"
Conifer,Southern Appalachian Low-Elevation Pine Forest,"2,149,420"
Conifer,Southern Piedmont Dry Pine Forest,"2,132,974"
Conifer,Mediterranean California Red Fir Forest,"2,042,178"
Conifer,Mediterranean California Lower Montane Conifer Forest and Woodland,"1,859,120"
Conifer,Laurentian-Acadian Northern Pine Forest,"1,795,350"
Conifer,Boreal Coniferous-Deciduous Woody Wetland,"1,775,116"
Conifer,California Lower Montane Foothill Pine Woodland and Savanna,"1,721,024"
Conifer,Appalachian Hemlock Forest,"1,692,404"
Conifer,North Pacific Dry-Mesic Silver Fir-Western Hemlock-Douglas-fir Forest,"1,669,311"
Conifer,Atlantic Coastal Plain Upland Longleaf Pine Woodland,"1,661,439"
Conifer,Pacific Maritime Coniferous Woody Wetland,"1,656,957"
Conifer,North Pacific Seasonal Sitka Spruce Forest,"1,631,665"
Conifer,East Gulf Coastal Plain Interior Upland Longleaf Pine Woodland,"1,618,798"
Conifer,East Cascades Mesic Montane Mixed-Conifer Forest and Woodland,"1,593,899"
Conifer,Recently Burned-Tree Cover,"1,578,505"
Conifer,Southern Rocky Mountain Mesic Montane Mixed Conifer Forest and Woodland,"1,570,008"
Conifer,North Pacific Hypermaritime Western Red-cedar-Western Hemlock Forest,"1,380,684"
Conifer,Central Florida Pine Flatwoods,"1,347,747"
Conifer,Inter-Mountain Basins Curl-leaf Mountain Mahogany Woodland,"1,301,842"
Conifer,California Coastal Redwood Forest,"1,277,989"
Conifer,California Montane Jeffrey Pine-(Ponderosa Pine) Woodland,"1,241,328"
Conifer,Alaska Sub-boreal White-Lutz Spruce Forest and Woodland,"1,172,556"
Conifer,North Pacific Mountain Hemlock Forest,"1,133,753"
Conifer,Atlantic Coastal Plain Fall-line Sandhills Longleaf Pine Woodland,"1,115,495"
Conifer,Rocky Mountain Foothill Limber Pine-Juniper Woodland,"930,189"
Conifer,Southern Rocky Mountain Juniper Woodland and Savanna,"773,235"
Conifer,Sierra Nevada Subalpine Lodgepole Pine Forest and Woodland,"773,082"
Conifer,East Gulf Coastal Plain Near-Coast Pine Flatwoods,"769,847"
Conifer,Florida Longleaf Pine Sandhill,"628,450"
Conifer,West Gulf Coastal Plain Upland Longleaf Pine Forest and Woodland,"527,334"
Conifer,Northern California Mesic Subalpine Woodland,"524,384"
Conifer,Central Appalachian Dry Pine Forest,"515,961"
Conifer,Sierran-Intermontane Desert Western White Pine-White Fir Woodland,"514,810"
Conifer,Northern Atlantic Coastal Plain Pitch Pine Barrens,"501,777"
Conifer,West Gulf Coastal Plain Sandhill Shortleaf Pine Forest and Woodland,"479,922"
Conifer,Central Appalachian Pine Rocky Woodland,"463,528"
Conifer,South Florida Pine Flatwoods,"447,343"
Conifer,Inter-Mountain Basins Subalpine Limber-Bristlecone Pine Woodland,"437,969"
Conifer,Central and Southern California Mixed Evergreen Woodland,"401,540"
Conifer,Mediterranean California Subalpine Woodland,"371,026"
Conifer,Rocky Mountain Subalpine-Montane Limber-Bristlecone Pine Woodland,"319,240"
Conifer,Alaskan Pacific Maritime Sitka Spruce Beach Ridge,"291,079"
Conifer,North Pacific Maritime Mesic Subalpine Parkland,"290,195"
Conifer,North Pacific Dry Douglas-fir-(Madrone) Forest and Woodland,"257,419"
Conifer,Recently Disturbed Other-Tree Cover,"240,697"
Conifer,Northern Rocky Mountain Foothill Conifer Wooded Steppe,"235,256"
Conifer,Laurentian Pine Barrens,"229,142"
Conifer,Rocky Mountain Poor-Site Lodgepole Pine Forest,"223,621"
Conifer,East Cascades Ponderosa Pine Forest and Woodland,"220,836"
Conifer,North Pacific Mesic Western Hemlock-Yellow-cedar Forest,"202,408"
Conifer,Laurentian-Acadian Sub-boreal Dry-Mesic Pine-Black Spruce Forest,"192,510"
Conifer,Central and Southern Appalachian Spruce-Fir Forest,"190,636"
Conifer,West Gulf Coastal Plain Pine Flatwoods,"186,415"
Conifer,Madrean Juniper Savanna,"168,174"
Conifer,Southern Appalachian Montane Pine Forest and Woodland,"166,984"
Conifer,Acadian Sub-Boreal Spruce Flat,"162,970"
Conifer,Alaskan Pacific Maritime Subalpine Mountain Hemlock Woodland,"142,832"
Conifer,Klamath-Siskiyou Lower Montane Serpentine Mixed Conifer Woodland,"141,994"
Conifer,Pacific Maritime Forested Peatlands,"138,990"
Conifer,North Pacific Wooded Volcanic Flowage,"132,795"
Conifer,Northern Rocky Mountain Western Larch Savanna,"128,729"
Conifer,Ozark-Ouachita Shortleaf Pine-Bluestem Woodland,"122,351"
Conifer,Florida Peninsula Inland Scrub Woodland,"116,448"
Conifer,Southern Rocky Mountain Ponderosa Pine Savanna,"97,715"
Conifer,East Gulf Coastal Plain Interior Shortleaf Pine Forest,"67,801"
Conifer,Inter-Mountain Basins Juniper Savanna,"52,439"
Conifer,Northeastern Interior Pine Barrens,"40,370"
Conifer,California Coastal Closed-Cone Conifer Forest and Woodland,"34,164"
Conifer,East Gulf Coastal Plain Southern Loblolly Flatwoods,"28,990"
Conifer,Bastrop Lost Pines Forest and Woodland,"25,908"
Conifer,Southeastern Interior Longleaf Pine Woodland,"23,294"
Conifer,Acadian-Appalachian Subalpine Woodland,"22,203"
Conifer,Alaska Sub-boreal Mountain Hemlock-White Spruce Forest,"19,762"
Conifer,Northwestern Great Plains Highland White Spruce Woodland,"15,514"
Conifer,Mediterranean California Mesic Serpentine Woodland,"14,483"
Conifer,Northern Appalachian-Acadian Rocky Heath Outcrop Woodland,"14,106"
Conifer,Pacific Maritime Shrub Peatlands,"11,307"
Conifer,South Florida Pine Rockland,"7,370"
Conifer,Klamath-Siskiyou Upper Montane Serpentine Mixed Conifer Woodland,"6,405"
Conifer,Laurentian Acidic Rocky Outcrop Woodland,"3,455"
Conifer,Acadian Sub-Boreal Spruce Barrens,"2,564"
Conifer,Klamath-Siskiyou Xeromorphic Serpentine Savanna,"1,790"
Conifer-Hardwood,Southeastern Native Ruderal Forest,"20,667,037"
Conifer-Hardwood,Northern & Central Native Ruderal Forest,"11,759,005"
Conifer-Hardwood,Appalachian (Hemlock)-Northern Hardwood Forest,"3,713,012"
Conifer-Hardwood,Acadian Low-Elevation Spruce-Fir-Hardwood Forest,"3,449,618"
Conifer-Hardwood,Laurentian-Acadian Pine-Hemlock-Hardwood Forest,"3,423,440"
Conifer-Hardwood,Alaska Sub-boreal White Spruce Forest,"2,462,950"
Conifer-Hardwood,Southern Piedmont Dry Oak-(Pine) Forest,"2,105,121"
Conifer-Hardwood,Alaska Boreal White Spruce-Hardwood Forest,"1,746,298"
Conifer-Hardwood,Alaska Boreal Hardwood Forest,"1,695,807"
Conifer-Hardwood,Acadian-Appalachian Montane Spruce-Fir Forest,"1,652,488"
Conifer-Hardwood,Laurentian-Acadian Northern Pine-(Oak) Forest,"1,366,172"
Conifer-Hardwood,Inter-Mountain Basins Aspen-Mixed Conifer Forest and Woodland,"1,311,061"
Conifer-Hardwood,Madrean Encinal,"1,283,045"
Conifer-Hardwood,Central Appalachian Dry Oak-Pine Forest,"1,127,950"
Conifer-Hardwood,West Gulf Coastal Plain Pine-Hardwood Forest,"831,015"
Conifer-Hardwood,Alaska Sub-boreal White Spruce-Hardwood Forest,"800,646"
Conifer-Hardwood,Madrean Lower Montane Pine-Oak Forest and Woodland,"772,965"
Conifer-Hardwood,Ozark-Ouachita Shortleaf Pine-Oak Forest and Woodland,"664,236"
Conifer-Hardwood,Alaska Sub-boreal Hardwood Forest,"617,608"
Conifer-Hardwood,Central Appalachian Pine-Oak Rocky Woodland,"517,402"
Conifer-Hardwood,Edwards Plateau Dry-Mesic Slope Forest and Woodland,"467,583"
Conifer-Hardwood,North Pacific Lowland Mixed Hardwood-Conifer Forest,"448,563"
Conifer-Hardwood,Madrean Upper Montane Conifer-Oak Forest and Woodland,"256,333"
Conifer-Hardwood,California Lower Montane Blue Oak-Foothill Pine Woodland and Savanna,"234,021"
Conifer-Hardwood,Mediterranean California Lower Montane Black Oak-Conifer Forest and Woodland,"226,811"
Conifer-Hardwood,West Gulf Coastal Plain Sandhill Oak and Shortleaf Pine Forest and Woodland,"82,493"
Conifer-Hardwood,Central Interior Highlands Calcareous Glade and Barrens Woodland,"81,653"
Conifer-Hardwood,Llano Uplift Acidic Forest and Woodland,"81,055"
Conifer-Hardwood,East Gulf Coastal Plain Interior Shortleaf Pine-Oak Forest,"78,554"
Conifer-Hardwood,West Gulf Coastal Plain Pine-Hardwood Flatwoods,"66,662"
Conifer-Hardwood,Crowley's Ridge Sand Forest,"54,513"
Conifer-Hardwood,Laurentian-Acadian Sub-boreal Dry-Mesic Pine-Black Spruce-Hardwood Forest,"51,964"
Conifer-Hardwood,Laurentian Pine-Oak Barrens,"50,207"
Conifer-Hardwood,Nashville Basin Limestone Glade and Woodland,"22,377"
Conifer-Hardwood,Central Interior Highlands Dry Acidic Glade and Barrens,"19,376"
Conifer-Hardwood,Appalachian Shale Barrens,"15,376"
Conifer-Hardwood,Madrean Mesic Canyon Forest and Woodland,"14,867"
Conifer-Hardwood,Laurentian-Acadian Calcareous Rocky Outcrop Woodland,"11,886"
Conifer-Hardwood,Central Appalachian Alkaline Glade and Woodland,"7,307"
Conifer-Hardwood,Southern Ridge and Valley Calcareous Glade and Woodland,"7,279"
Conifer-Hardwood,Alabama Ketona Glade and Woodland,"6,330"
Conifer-Hardwood,Southern and Central Appalachian Mafic Glade and Barrens,"6,231"
Conifer-Hardwood,East Cascades Oak-Ponderosa Pine Forest and Woodland,"5,965"
Conifer-Hardwood,Cumberland Sandstone Glade and Barrens,"5,355"
Conifer-Hardwood,Southern Coastal Plain Blackland Prairie Woodland,"4,043"
Conifer-Hardwood,East Gulf Coastal Plain Southern Loblolly-Hardwood Flatwoods,"3,964"
Conifer-Hardwood,West Gulf Coastal Plain Catahoula Barrens,"3,859"
Conifer-Hardwood,Eastern Serpentine Woodland,"1,661"
Conifer-Hardwood,Southern Piedmont Glade and Barrens,529
Conifer-Hardwood,West Gulf Coastal Plain Nepheline Syenite Glade,111
Conifer-Hardwood,Panhandle Florida Limestone Glade,20
Conifer-Hardwood,North-Central Interior Quartzite Glade,15
Developed,Eastern Cool Temperate Urban Herbaceous,"9,332,211"
Developed,Eastern Warm Temperate Developed Ruderal Mixed Forest,"8,887,897"
Developed,Eastern Cool Temperate Developed Ruderal Mixed Forest,"7,801,555"
Developed,Eastern Cool Temperate Developed Ruderal Grassland,"6,156,906"
Developed,Eastern Cool Temperate Urban Deciduous Forest,"3,664,140"
Developed,Eastern Cool Temperate Urban Mixed Forest,"3,601,376"
Developed,Eastern Cool Temperate Developed Ruderal Deciduous Forest,"3,259,002"
Developed,Eastern Cool Temperate Urban Shrubland,"3,027,162"
Developed,Western Cool Temperate Urban Herbaceous,"2,843,993"
Developed,Eastern Warm Temperate Developed Ruderal Grassland,"2,759,979"
Developed,Eastern Cool Temperate Urban Evergreen Forest,"2,352,602"
Developed,Eastern Warm Temperate Developed Ruderal Deciduous Forest,"2,093,804"
Developed,Eastern Warm Temperate Urban Herbaceous,"2,051,217"
Developed,Western Warm Temperate Urban Herbaceous,"1,749,032"
Developed,Western Cool Temperate Urban Shrubland,"1,728,804"
Developed,Western Warm Temperate Developed Ruderal Grassland,"1,581,536"
Developed,Western Warm Temperate Developed Ruderal Shrubland,"1,577,699"
Developed,Western Warm Temperate Urban Shrubland,"1,447,558"
Developed,Western Cool Temperate Developed Ruderal Grassland,"1,314,105"
Developed,Eastern Warm Temperate Urban Shrubland,"1,153,232"
Developed,Western Cool Temperate Urban Evergreen Forest,"1,131,371"
Developed,Eastern Warm Temperate Developed Ruderal Evergreen Forest,"1,093,833"
Developed,Eastern Cool Temperate Developed Ruderal Mixed Forested Wetland,"1,090,763"
Developed,Eastern Warm Temperate Urban Evergreen Forest,"889,798"
Developed,Eastern Cool Temperate Developed Ruderal Evergreen Forest,"879,553"
Developed,Western Cool Temperate Urban Deciduous Forest,"875,736"
Developed,Eastern Warm Temperate Developed Ruderal Mixed Forested Wetland,"746,722"
Developed,Western Cool Temperate Developed Ruderal Evergreen Forest,"672,104"
Developed,Eastern Warm Temperate Urban Mixed Forest,"658,380"
Developed,Eastern Cool Temperate Developed Ruderal Shrubland,"612,356"
Developed,Western Cool Temperate Developed Ruderal Shrubland,"528,309"
Developed,Western Warm Temperate Urban Deciduous Forest,"394,964"
Developed,Eastern Warm Temperate Developed Ruderal Shrubland,"392,723"
Developed,Western Warm Temperate Urban Evergreen Forest,"346,997"
Developed,Eastern Cool Temperate Developed Ruderal Herbaceous Wetland,"340,949"
Developed,Western Cool Temperate Urban Mixed Forest,"340,382"
Developed,Eastern Warm Temperate Urban Deciduous Forest,"319,409"
Developed,Developed-Open Space,"247,952"
Developed,Developed-Low Intensity,"230,330"
Developed,Western Cool Temperate Developed Ruderal Deciduous Forest,"220,823"
Developed,Western Warm Temperate Developed Ruderal Deciduous Forest,"202,685"
Developed,Western Warm Temperate Urban Mixed Forest,"190,379"
Developed,Western Cool Temperate Developed Ruderal Mixed Forested Wetland,"176,453"
Developed,Western Warm Temperate Developed Ruderal Mixed Forest,"161,025"
Developed,Eastern Warm Temperate Developed Ruderal Evergreen Forested Wetland,"159,757"
Developed,Western Warm Temperate Developed Ruderal Evergreen Forest,"143,097"
Developed,Western Cool Temperate Developed Ruderal Mixed Forest,"116,214"
Developed,Eastern Warm Temperate Developed Ruderal Herbaceous Wetland,"107,908"
Developed,Western Cool Temperate Developed Ruderal Herbaceous Wetland,"102,820"
Developed,Western Warm Temperate Developed Ruderal Herbaceous Wetland,"88,006"
Developed,Western Cool Temperate Developed Ruderal Shrub Wetland,"62,396"
Developed,Western Warm Temperate Developed Ruderal Mixed Forested Wetland,"48,212"
Developed,Eastern Warm Temperate Developed Ruderal Deciduous Forested Wetland,"34,382"
Developed,Developed-Medium Intensity,"29,304"
Developed,Eastern Cool Temperate Developed Ruderal Shrub Wetland,"27,389"
Developed,Eastern Cool Temperate Developed Ruderal Evergreen Forested Wetland,"26,310"
Developed,Western Warm Temperate Developed Ruderal Deciduous Forested Wetland,"26,022"
Developed,Eastern Cool Temperate Developed Ruderal Deciduous Forested Wetland,"25,999"
Developed,Western Warm Temperate Developed Ruderal Shrub Wetland,"20,502"
Developed,Western Cool Temperate Developed Ruderal Deciduous Forested Wetland,"15,949"
Developed,Developed-High Intensity,"10,846"
Developed,Eastern Warm Temperate Developed Ruderal Shrub Wetland,"5,049"
Developed,Western Cool Temperate Developed Ruderal Evergreen Forested Wetland,28
Developed,Western Warm Temperate Developed Ruderal Evergreen Forested Wetland,0
Developed-High Intensity,Developed-High Intensity,"3,830,698"
Developed-Low Intensity,Developed-Low Intensity,"18,661,131"
Developed-Medium Intensity,Developed-Medium Intensity,"9,377,935"
Developed-Roads,Developed-Roads,"47,440,381"
Exotic Herbaceous,Northern & Central Ruderal Meadow,"13,459,653"
Exotic Herbaceous,Northern & Central Plains Ruderal & Planted Grassland,"10,888,495"
Exotic Herbaceous,Southeastern Ruderal Grassland,"10,362,619"
Exotic Herbaceous,Great Plains Comanchian Ruderal Grassland,"9,819,102"
Exotic Herbaceous,California Ruderal Grassland and Meadow,"7,036,030"
Exotic Herbaceous,Great Basin & Intermountain Introduced Annual Grassland,"5,126,391"
Exotic Herbaceous,Interior Western North American Temperate Ruderal Grassland,"2,492,663"
Exotic Herbaceous,Great Basin & Intermountain Introduced Annual and Biennial Forbland,"2,356,325"
Exotic Herbaceous,Great Basin & Intermountain Introduced Perennial Grassland and Forbland,"1,824,579"
Exotic Herbaceous,North American Warm Desert Ruderal & Planted Grassland,"775,591"
Exotic Herbaceous,Southern Vancouverian Lowland Ruderal Grassland,"291,949"
Exotic Herbaceous,North Pacific Maritime Coastal Sand Dune Ruderal Herb Vegetation,"1,067"
Exotic Tree-Shrub,Great Plains Comanchian Ruderal Shrubland,"8,429,330"
Exotic Tree-Shrub,Great Basin & Intermountain Ruderal Shrubland,"8,020,243"
Exotic Tree-Shrub,North American Warm Desert Ruderal & Planted Scrub,"7,302,300"
Exotic Tree-Shrub,Interior Western North American Temperate Ruderal Shrubland,"2,140,974"
Exotic Tree-Shrub,Southeastern Ruderal Shrubland,"1,300,003"
Exotic Tree-Shrub,California Ruderal Scrub,"1,163,219"
Exotic Tree-Shrub,Northern & Central Plains Ruderal & Planted Shrubland,"869,358"
Exotic Tree-Shrub,Northern & Central Ruderal Shrubland,"702,964"
Exotic Tree-Shrub,Southeastern Exotic Ruderal Forest,"282,571"
Exotic Tree-Shrub,Californian Ruderal Forest,"273,247"
Exotic Tree-Shrub,Southern Vancouverian Lowland Ruderal Shrubland,"83,664"
Exotic Tree-Shrub,North Pacific Maritime Coastal Sand Dune Ruderal Scrub,913
Grassland,Northwestern Great Plains Mixedgrass Prairie,"52,946,172"
Grassland,Western Great Plains Shortgrass Prairie,"40,174,494"
Grassland,Central Mixedgrass Prairie Grassland,"22,260,698"
Grassland,Western Great Plains Sand Prairie,"14,513,277"
Grassland,Southeastern Great Plains Tallgrass Prairie,"10,607,360"
Grassland,Recently Logged-Herb and Grass Cover,"6,745,467"
Grassland,Northern Rocky Mountain Lower Montane-Foothill-Valley Grassland,"5,727,882"
Grassland,Inter-Mountain Basins Semi-Desert Grassland,"5,123,456"
Grassland,Apacherian-Chihuahuan Semi-Desert Grassland,"4,317,743"
Grassland,Columbia Plateau Steppe and Grassland,"4,190,740"
Grassland,Recently Burned-Herb and Grass Cover,"3,290,352"
Grassland,Southern Rocky Mountain Montane-Subalpine Grassland,"2,837,130"
Grassland,Central Tallgrass Prairie,"2,274,153"
Grassland,Rocky Mountain Subalpine-Montane Mesic Meadow,"2,250,112"
Grassland,Columbia Basin Foothill and Canyon Dry Grassland,"2,037,532"
Grassland,Chihuahuan Loamy Plains Desert Grassland,"1,687,181"
Grassland,Tamaulipan Savanna Grassland,"1,566,330"
Grassland,Aleutian Mesic Herbaceous Meadow,"1,305,285"
Grassland,Northern Tallgrass Prairie,"1,172,694"
Grassland,Western Great Plains Foothill and Piedmont Grassland,"1,011,067"
Grassland,Alaska Arctic Mesic Herbaceous Meadow,"1,001,029"
Grassland,Northern Rocky Mountain Subalpine-Upper Montane Grassland,"955,190"
Grassland,Rocky Mountain Alpine Turf,"658,434"
Grassland,California Central Valley and Southern Coastal Grassland,"627,884"
Grassland,Texas Coast Dune and Coastal Grassland,"571,083"
Grassland,Western North American Boreal Dry Grassland,"500,038"
Grassland,Texas Blackland Tallgrass Prairie,"488,614"
Grassland,Polynesian Ruderal Lowland Grassland,"464,874"
Grassland,Mediterranean California Subalpine Meadow,"308,852"
Grassland,Western Great Plains Tallgrass Prairie,"241,508"
Grassland,California Northern Coastal Grassland,"227,679"
Grassland,Polynesian Ruderal Subalpine-Montane Grassland,"191,832"
Grassland,Alaska Sub-boreal and Maritime Alpine Mesic Herbaceous Meadow,"187,416"
Grassland,North Pacific Alpine and Subalpine Dry Grassland,"157,793"
Grassland,Florida Dry Prairie Grassland,"135,033"
Grassland,Alaskan Pacific Maritime Mesic Herbaceous Meadow,"123,527"
Grassland,Recently Disturbed Other-Herb and Grass Cover,"113,193"
Grassland,Western North American Boreal Alpine Mesic Herbaceous Meadow,"90,116"
Grassland,Rocky Mountain Alpine Fell-Field,"86,948"
Grassland,North-Central Interior Sand and Gravel Tallgrass Prairie,"83,845"
Grassland,East-Central Texas Plains Xeric Sandyland,"75,426"
Grassland,Chihuahuan Sandy Plains Semi-Desert Grassland,"43,418"
Grassland,Alaska Arctic Marine Beach and Beach Meadow,"36,997"
Grassland,Pacific Maritime Coastal Meadows and Slough-Levee,"27,473"
Grassland,West Gulf Coastal Plain Southern Calcareous Prairie,"23,957"
Grassland,Columbia Basin Palouse Prairie,"23,600"
Grassland,Llano Uplift Acidic Herbaceous Glade,"22,877"
Grassland,Northern Atlantic Coastal Plain Dune and Swale Grassland,"21,646"
Grassland,Aleutian American Dunegrass Grassland,"18,327"
Grassland,Southern Atlantic Coastal Plain Dune and Maritime Grassland,"17,055"
Grassland,North-Central Oak Barrens Herbaceous,"17,032"
Grassland,North Pacific Montane Grassland,"14,404"
Grassland,Chihuahuan Gypsophilous Grassland and Steppe,"13,496"
Grassland,Hawai'i Montane-Subalpine Mesic Grassland,"12,105"
Grassland,East Gulf Coastal Plain Dune and Coastal Grassland,"11,549"
Grassland,Northern Atlantic Coastal Plain Grassland,"11,349"
Grassland,Willamette Valley Upland Prairie,"10,554"
Grassland,West Gulf Coastal Plain Northern Calcareous Prairie,"10,540"
Grassland,Central Interior Highlands Calcareous Glade and Barrens Herbaceous,"9,999"
Grassland,Aleutian Marine Beach and Beach Meadow,"7,875"
Grassland,Hawai'i Montane-Subalpine Dry Grassland,"7,611"
Grassland,Mediterranean California Alpine Dry Tundra,"7,602"
Grassland,North Pacific Dry and Mesic Alpine Fell-field or Meadow,"7,209"
Grassland,Great Lakes Alvar,"5,390"
Grassland,North Pacific Herbaceous Bald and Bluff,"5,160"
Grassland,Great Lakes Dune Grassland,"4,086"
Grassland,Southern Appalachian Grass Bald,"3,729"
Grassland,Arkansas Valley Prairie,"3,679"
Grassland,Hawai'i Lowland Dry Grassland,"3,278"
Grassland,Pennyroyal Karst Plain Prairie and Barrens,"2,923"
Grassland,Hawai'i Lowland Mesic Grassland,"2,429"
Grassland,Southwest Florida Dune and Coastal Grassland,"2,226"
Grassland,California Mesic Serpentine Grassland,"1,918"
Grassland,Paleozoic Plateau Bluff and Talus Herbaceous,"1,840"
Grassland,North Pacific Hypermaritime Herbaceous Headland,"1,665"
Grassland,Acadian-Appalachian Alpine Tundra Meadow,"1,473"
Grassland,Southern Coastal Plain Blackland Prairie,"1,092"
Grassland,Southern Ridge and Valley Patch Prairie,936
Grassland,Polynesian Ruderal Herb Coastal Strand,694
Grassland,Eastern Highland Rim Prairie and Barrens,564
Grassland,Northern Polynesia Tidal Salt Marsh,252
Grassland,Hawai'i Bog,188
Grassland,Bluegrass Savanna and Woodland Prairie,182
Grassland,Western Highland Rim Prairie and Barrens,40
Hardwood,Laurentian-Acadian Northern Hardwoods Forest,"30,455,990"
Hardwood,Northeastern Interior Dry-Mesic Oak Forest,"16,001,201"
Hardwood,South-Central Interior Mesophytic Forest,"14,734,496"
Hardwood,Ozark-Ouachita Dry-Mesic Oak Forest,"13,722,922"
Hardwood,Western North American Boreal Mesic Birch-Aspen Forest,"13,612,918"
Hardwood,North-Central Interior Dry-Mesic Oak Forest and Woodland,"13,337,997"
Hardwood,Southern Interior Low Plateau Dry-Mesic Oak Forest,"10,626,738"
Hardwood,Appalachian Northern Hardwood Forest,"9,180,782"
Hardwood,Allegheny-Cumberland Dry Oak Forest and Woodland,"8,299,324"
Hardwood,Boreal Forested Floodplains,"8,193,267"
Hardwood,Southern Appalachian Oak Forest,"7,409,482"
Hardwood,Ozark-Ouachita Dry Oak Woodland,"6,696,039"
Hardwood,Rocky Mountain Aspen Forest and Woodland,"6,003,623"
Hardwood,Crosstimbers Oak Forest and Woodland,"5,852,732"
Hardwood,Edwards Plateau Limestone Savanna and Woodland,"5,143,827"
Hardwood,Southern Piedmont Dry Oak Forest,"5,125,072"
Hardwood,East-Central Texas Plains Post Oak Savanna and Woodland,"4,155,278"
Hardwood,Southern and Central Appalachian Cove Forest,"3,604,024"
Hardwood,Laurentian-Acadian Sub-boreal Aspen-Birch Forest,"3,539,610"
Hardwood,Southern Piedmont Mesic Forest,"3,206,824"
Hardwood,Boreal Shrub Floodplains,"3,205,102"
Hardwood,North-Central Interior Beech-Maple Forest,"2,802,112"
Hardwood,Central Appalachian Dry Oak Forest,"2,417,559"
Hardwood,North Pacific Broadleaf Landslide Forest,"2,211,778"
Hardwood,Arctic Floodplains,"2,038,960"
Hardwood,East Gulf Coastal Plain Northern Dry Upland Hardwood Forest,"1,911,964"
Hardwood,Ozark-Ouachita Oak Forest and Woodland,"1,827,751"
Hardwood,North-Central Interior Dry Oak Forest and Woodland,"1,799,673"
Hardwood,Southern Ridge and Valley/Cumberland Dry Calcareous Forest,"1,609,712"
Hardwood,North-Central Interior Maple-Basswood Forest,"1,587,666"
Hardwood,West Gulf Coastal Plain Mesic Hardwood Forest,"1,522,050"
Hardwood,Southern Coastal Plain Dry Upland Hardwood Forest,"1,438,810"
Hardwood,Mediterranean California Mixed Oak Woodland,"1,359,058"
Hardwood,Laurentian-Acadian Northern Oak Forest,"1,342,064"
Hardwood,Northern Atlantic Coastal Plain Hardwood Forest,"1,306,141"
Hardwood,Central and Southern Appalachian Montane Oak Forest,"1,269,986"
Hardwood,Laurentian-Acadian Hardwood Forest,"979,005"
Hardwood,California Coastal Live Oak Woodland and Savanna,"897,877"
Hardwood,Central Appalachian Oak Rocky Woodland,"856,684"
Hardwood,Southern Atlantic Coastal Plain Mesic Hardwood Forest,"747,095"
Hardwood,West Gulf Coastal Plain Hardwood Forest,"711,763"
Hardwood,Acadian Low-Elevation Hardwood Forest,"637,020"
Hardwood,Western Great Plains Dry Bur Oak Forest and Woodland,"551,122"
Hardwood,Rocky Mountain Bigtooth Maple Ravine Woodland,"521,513"
Hardwood,Polynesian Ruderal Lowland Rainforest,"457,773"
Hardwood,East Gulf Coastal Plain Northern Loess Bluff Forest,"455,943"
Hardwood,Northeastern Interior Calcareous Oak Forest,"410,903"
Hardwood,Southern Coastal Plain Mesic Slope Forest,"397,531"
Hardwood,East Gulf Coastal Plain Northern Loess Plain Oak-Hickory Upland,"374,770"
Hardwood,Hawai'i Lowland Rainforest,"371,094"
Hardwood,Southern Atlantic Coastal Plain Dry and Dry-Mesic Oak Forest,"326,418"
Hardwood,Southern California Oak Woodland and Savanna,"297,483"
Hardwood,North Pacific Oak Woodland,"290,412"
Hardwood,Hawai'i Montane Rainforest,"282,955"
Hardwood,Aleutian Kenai Birch-Cottonwood-Poplar Forest,"271,393"
Hardwood,Ozark-Ouachita Mesic Hardwood Forest,"242,651"
Hardwood,Crowley's Ridge Mesic Loess Slope Forest,"242,623"
Hardwood,North-Central Oak Barrens Woodland,"234,694"
Hardwood,Central and South Texas Coastal Fringe Forest and Woodland,"223,342"
Hardwood,Eastern Great Plains Tallgrass Aspen Forest and Woodland,"218,094"
Hardwood,Tamaulipan Mesquite Upland Woodland,"210,898"
Hardwood,Southern Appalachian Northern Hardwood Forest,"205,817"
Hardwood,Pacific Maritime Forested Floodplains,"201,384"
Hardwood,Western North American Boreal Dry Aspen-Steppe Bluff,"181,310"
Hardwood,West Gulf Coastal Plain Sandhill Oak Forest and Woodland,"166,231"
Hardwood,California Lower Montane Blue Oak Woodland and Savanna,"163,998"
Hardwood,East Gulf Coastal Plain Northern Mesic Hardwood Slope Forest,"159,789"
Hardwood,Northwestern Great Plains Aspen Forest and Parkland,"149,084"
Hardwood,Boreal Herbaceous Floodplains,"140,682"
Hardwood,Mediterranean California Lower Montane Black Oak Forest and Woodland,"125,872"
Hardwood,Northern Atlantic Coastal Plain Maritime Forest,"121,320"
Hardwood,Paleozoic Plateau Bluff and Talus Woodland,"119,435"
Hardwood,East Gulf Coastal Plain Southern Loess Bluff Forest,"118,928"
Hardwood,Southern Atlantic Coastal Plain Maritime Forest,"117,957"
Hardwood,Western North American Boreal Subalpine Balsam Poplar-Aspen Woodland,"117,131"
Hardwood,Hawai'i Montane-Subalpine Mesic Forest,"101,695"
Hardwood,Polynesian Ruderal Dry Woodland,"101,692"
Hardwood,Mississippi River Alluvial Plain Dry-Mesic Loess Slope Forest,"96,687"
Hardwood,Laurentian Oak Barrens,"94,072"
Hardwood,California Central Valley Mixed Oak Savanna,"87,070"
Hardwood,East Gulf Coastal Plain Interior Oak Forest,"71,250"
Hardwood,Tropical Pacific Forest Plantation,"51,965"
Hardwood,South-Central Interior/Upper Coastal Plain Flatwoods,"48,137"
Hardwood,Hawai'i Lowland Mesic Forest,"46,969"
Hardwood,South Florida Hardwood Hammock,"46,098"
Hardwood,Southern Coastal Plain Limestone Forest,"42,702"
Hardwood,Northern Atlantic Coastal Plain Calcareous Ravine,"41,880"
Hardwood,Central Atlantic Coastal Plain Maritime Forest,"38,765"
Hardwood,Hawai'i Lowland Dry Forest,"38,454"
Hardwood,Hawai'i Montane-Subalpine Dry Forest and Woodland,"37,108"
Hardwood,Lower Mississippi River Dune Woodland and Forest,"30,001"
Hardwood,Edwards Plateau Mesic Canyon,"22,574"
Hardwood,Hawaiian Montane Ruderal Forest & Woodland,"22,319"
Hardwood,West Gulf Coastal Plain Chenier and Upper Texas Coastal Fringe Forest and Woodland,"19,793"
Hardwood,Piedmont Hardpan Woodland and Forest,"18,566"
Hardwood,Hawai'i Mesic Coastal Forest,"12,983"
Hardwood,Arkansas Valley Prairie and Woodland,"12,953"
Hardwood,West Gulf Coastal Plain Hardwood Flatwoods,"10,392"
Hardwood,Ouachita Novaculite Glade and Woodland,"9,492"
Hardwood,Southwest Florida Maritime Hammock,"8,403"
Hardwood,East Gulf Coastal Plain Maritime Forest,"7,782"
Hardwood,East Cascades Oak Forest and Woodland,"6,723"
Hardwood,Southeast Florida Maritime Hammock,"5,492"
Hardwood,Ouachita Montane Oak Forest,"5,100"
Hardwood,Pacific Maritime Shrub Floodplains,"4,920"
Hardwood,Hawai'i Montane Cloud Forest,"4,647"
Hardwood,East Gulf Coastal Plain Southern Hardwood Flatwoods,"4,567"
Hardwood,Bluegrass Savanna and Woodland,"3,113"
Hardwood,Mississippi Delta Maritime Forest,"2,990"
Hardwood,North-Central Interior Oak Savanna,"2,608"
Hardwood,Hawaiian Ruderal Mangrove,969
NA,NoData,"16,913"
Nodata,NoData,10
Non-vegetated,Boreal Sparsely Vegetated,"343,829"
Non-vegetated,Arctic Sparsely Vegetated,"42,667"
Non-vegetated,Pacific Maritime Sparsely Vegetated,"18,522"
Non-vegetated,Aleutian Sparsely Vegetated,"9,296"
Open Water,Open Water,"37,002,888"
Quarries-Strip Mines-Gravel Pits-Well and Wind Pads,Quarries-Strip Mines-Gravel Pits-Well and Wind Pads,"1,636,155"
Riparian,Laurentian-Acadian Alkaline Conifer-Hardwood Swamp,"10,293,881"
Riparian,Arctic Sedge Meadows,"8,683,543"
Riparian,Boreal Peatlands,"6,987,339"
Riparian,Arctic Shrub Peatlands,"5,906,093"
Riparian,Boreal-Laurentian Conifer Acidic Swamp and Treed Poor Fen,"4,611,434"
Riparian,Boreal Herbaceous Wetlands,"4,257,054"
Riparian,Northwestern Great Plains Riparian Herbaceous,"3,806,885"
Riparian,Arctic Herbaceous Wetlands,"3,707,347"
Riparian,East Gulf Coastal Plain Small Stream and River Floodplain Forest,"3,640,464"
Riparian,North-Central Interior Floodplain Forest,"3,134,314"
Riparian,Aleutian Shrub Peatlands,"2,884,642"
Riparian,West Gulf Coastal Plain Small Stream and River Forest,"2,878,507"
Riparian,East Gulf Coastal Plain Large River Floodplain Forest,"2,067,693"
Riparian,Mississippi River Low Floodplain (Bottomland) Forest,"2,031,573"
Riparian,Atlantic Coastal Plain Peatland Pocosin and Canebrake Woodland,"2,027,600"
Riparian,North-Central Interior and Appalachian Rich Swamp,"1,820,596"
Riparian,South Florida Everglades Sawgrass Marsh,"1,785,705"
Riparian,Western Great Plains Riparian Herbaceous,"1,753,568"
Riparian,Southern Coastal Plain Seepage Swamp and Baygall Woodland,"1,704,752"
Riparian,West Gulf Coastal Plain Large River Floodplain Forest,"1,694,960"
Riparian,Mississippi River Bottomland Depression,"1,611,939"
Riparian,Mississippi River High Floodplain (Bottomland) Forest,"1,565,807"
Riparian,Western North American Sub-boreal Mesic Bluejoint Meadow,"1,557,919"
Riparian,Laurentian-Acadian Wet Meadow,"1,551,518"
Riparian,Atlantic Coastal Plain Small Blackwater River Floodplain Forest,"1,539,778"
Riparian,Eastern Great Plains Wet Meadow-Prairie-Marsh,"1,418,581"
Riparian,East Gulf Coastal Plain Near-Coast Pine Wet Flatwoods,"1,381,818"
Riparian,North American Arid West Emergent Marsh,"1,364,541"
Riparian,Southeastern Great Plains Riparian Forest and Woodland,"1,289,766"
Riparian,Arctic Herbaceous Peatlands,"1,284,156"
Riparian,North Pacific Lowland Riparian Forest,"1,262,790"
Riparian,Rocky Mountain Alpine-Montane Wet Meadow,"1,200,008"
Riparian,Northern Appalachian-Acadian Conifer-Hardwood Acidic Swamp,"1,149,025"
Riparian,Central Florida Pine Wet Flatwoods,"1,132,764"
Riparian,Atlantic Coastal Plain Blackwater Stream Floodplain Forest,"1,130,149"
Riparian,Southern Coastal Plain Blackwater River Floodplain Forest,"1,067,730"
Riparian,Laurentian-Acadian Floodplain Forest,"1,057,825"
Riparian,South-Central Interior Large Floodplain Forest,"1,055,078"
Riparian,Great Plains Wooded Draw and Ravine Woodland,"1,043,440"
Riparian,Southern Piedmont Small Floodplain and Riparian Forest,"956,710"
Riparian,South-Central Interior Small Stream and Riparian Forest,"913,645"
Riparian,Northern & Central Ruderal Wet Meadow & Marsh,"900,837"
Riparian,Gulf Coast Chenier Plain Fresh and Oligohaline Tidal Marsh,"840,024"
Riparian,Great Plains Prairie Pothole,"833,543"
Riparian,Floridian Highlands Freshwater Marsh,"812,496"
Riparian,Northern Rocky Mountain Lower Montane Riparian Woodland,"794,729"
Riparian,Southern Atlantic Coastal Plain Large River Floodplain Forest,"789,213"
Riparian,Mississippi Delta Fresh and Oligohaline Tidal Marsh,"785,537"
Riparian,Southern Coastal Plain Nonriverine Basin Swamp,"769,859"
Riparian,Southeastern Native Ruderal Flooded & Swamp Forest,"763,989"
Riparian,Temperate Pacific Freshwater Emergent Marsh,"761,735"
Riparian,Northern Atlantic Coastal Plain Basin Swamp and Wet Hardwood Forest,"740,131"
Riparian,Polar Tidal Marshes and Aquatic Beds,"736,472"
Riparian,Rocky Mountain Lower Montane-Foothill Riparian Woodland,"717,941"
Riparian,North-Central Interior Freshwater Marsh,"711,670"
Riparian,Laurentian-Acadian Shrub Swamp,"710,674"
Riparian,North-Central Appalachian Acidic Swamp,"690,111"
Riparian,Southern Atlantic Coastal Plain Salt and Brackish Tidal Marsh,"690,033"
Riparian,Southeastern Great Plains Floodplain Forest and Woodland,"686,660"
Riparian,Southern Coastal Plain Hydric Hammock,"686,348"
Riparian,Interior West Ruderal Riparian Scrub,"661,186"
Riparian,Western North American Ruderal Wet Meadow & Marsh,"656,509"
Riparian,Mississippi Delta Salt and Brackish Tidal Marsh,"644,032"
Riparian,North-Central Interior and Appalachian Acidic Peatland Woodland,"627,395"
Riparian,Rocky Mountain Lower Montane-Foothill Riparian Shrubland,"624,887"
Riparian,Rocky Mountain Subalpine-Montane Riparian Woodland,"622,376"
Riparian,Laurentian-Acadian Freshwater Marsh,"620,599"
Riparian,Western Great Plains Riparian Woodland,"588,680"
Riparian,Aleutian Herbaceous Peatlands,"552,125"
Riparian,Southern Atlantic Coastal Plain Nonriverine Swamp and Wet Hardwood Forest,"535,731"
Riparian,Atlantic Coastal Plain Small Brownwater River Floodplain Forest,"530,260"
Riparian,Central Appalachian Stream and Riparian Woodland,"527,297"
Riparian,Northwestern Great Plains Floodplain Herbaceous,"517,127"
Riparian,Mediterranean California Foothill and Lower Montane Riparian Woodland,"477,619"
Riparian,Southern Coastal Plain Nonriverine Cypress Dome,"474,825"
Riparian,Caribbean Coastal Mangrove,"462,359"
Riparian,Western Great Plains Floodplain Herbaceous,"454,496"
Riparian,Western Great Plains Closed Depression Wetland,"451,827"
Riparian,Northern & Central Native Ruderal Flooded & Swamp Forest,"444,260"
Riparian,South Florida Pine Wet Flatwoods,"428,282"
Riparian,Red River Large Floodplain Forest,"427,610"
Riparian,Great Basin Foothill and Lower Montane Riparian Shrubland,"426,437"
Riparian,North-Central Interior Wet Meadow,"415,160"
Riparian,Ozark-Ouachita Riparian Forest,"391,027"
Riparian,Western North American Ruderal Wet Shrubland,"380,380"
Riparian,Northwestern Great Plains Riparian Forest,"380,167"
Riparian,North Pacific Montane Riparian Woodland,"372,246"
Riparian,Southeastern Exotic Ruderal Flooded & Swamp Forest,"361,699"
Riparian,Northern Atlantic Coastal Plain Tidal Salt Marsh,"354,984"
Riparian,Southeastern Ruderal Wet Meadow & Marsh,"354,476"
Riparian,Boreal-Laurentian-Acadian Acidic Basin Fen,"351,007"
Riparian,Western Great Plains Riparian Shrubland,"344,236"
Riparian,Central Atlantic Coastal Plain Wet Longleaf Pine Savanna and Flatwoods,"343,822"
Riparian,Western Great Plains Open Freshwater Depression Wetland,"341,710"
Riparian,Southeastern Great Plains Riparian Herbaceous,"328,368"
Riparian,Aleutian Shrub-Herbaceous Wetlands,"323,948"
Riparian,Boreal-Laurentian Bog,"323,226"
Riparian,Inter-Mountain Basins Alkaline Closed Depression,"316,859"
Riparian,Western Great Plains Floodplain Forest and Woodland,"309,764"
Riparian,Rocky Mountain Subalpine-Montane Riparian Shrubland,"309,420"
Riparian,Northern Atlantic Coastal Plain Riparian and Floodplain Forest,"298,036"
Riparian,Aleutian Herbaceous Wetlands,"279,850"
Riparian,Texas Saline Coastal Prairie,"262,824"
Riparian,Columbia Bottomlands Forest and Woodland,"262,628"
Riparian,Southern Atlantic Coastal Plain Tidal Wooded Swamp,"261,265"
Riparian,Gulf Coast Chenier Plain Salt and Brackish Tidal Marsh,"254,096"
Riparian,Southern Coastal Plain Oak Dome and Hammock,"246,571"
Riparian,Southeastern Great Plains Floodplain Herbaceous,"242,758"
Riparian,Atlantic Coastal Plain Blackwater Stream Floodplain Herbaceous,"239,907"
Riparian,Atlantic Coastal Plain Streamhead Seepage Swamp-Pocosin-Baygall Woodland,"230,734"
Riparian,Mississippi River High Floodplain (Bottomland) Herbaceous,"223,647"
Riparian,Lower Mississippi River Flatwoods,"223,464"
Riparian,Temperate Pacific Subalpine-Montane Wet Meadow,"207,104"
Riparian,Laurentian-Acadian Alkaline Fen,"205,325"
Riparian,South Florida Cypress Dome,"200,206"
Riparian,Interior West Ruderal Riparian Forest,"194,479"
Riparian,West Gulf Coastal Plain Nonriverine Wet Hardwood Flatwoods,"185,189"
Riparian,Southern Atlantic Coastal Plain Wet Pine Savanna and Flatwoods,"185,135"
Riparian,South Florida Slough Gator Hole and Willow Head Woodland,"178,652"
Riparian,West Gulf Coastal Plain Near-Coast Large River Swamp,"174,128"
Riparian,Temperate Pacific Tidal Salt and Brackish Marsh,"173,748"
Riparian,Northern Atlantic Coastal Plain Pitch Pine Lowland,"169,978"
Riparian,North Pacific Lowland Riparian Shrubland,"169,322"
Riparian,Great Basin Foothill and Lower Montane Riparian Herbaceous,"167,734"
Riparian,North-Central Interior Wet Flatwoods,"165,992"
Riparian,East Gulf Coastal Plain Small Stream and River Floodplain Herbaceous,"163,980"
Riparian,Northern Atlantic Coastal Plain Basin Peat Swamp,"159,746"
Riparian,Florida Big Bend Salt and Brackish Tidal Marsh,"158,823"
Riparian,South-Central Interior Large Floodplain Herbaceous,"158,634"
Riparian,Mississippi River Riparian Forest,"155,869"
Riparian,Mediterranean California Foothill and Lower Montane Riparian Shrubland,"147,508"
Riparian,North-Central Interior Shrub Swamp,"146,157"
Riparian,Texas Coast Salt and Brackish Tidal Marsh,"145,233"
Riparian,Boreal Riparian Stringer Forest and Shrubland,"141,911"
Riparian,Edwards Plateau Riparian Forest and Woodland,"141,726"
Riparian,Pacific Maritime Herbaceous Wetlands,"140,890"
Riparian,West Gulf Coastal Plain Seepage Swamp and Baygall,"140,050"
Riparian,Atlantic Coastal Plain Embayed Region Tidal Salt and Brackish Marsh,"139,766"
Riparian,North American Warm Desert Lower Montane Riparian Woodland,"139,483"
Riparian,West Gulf Coastal Plain Small Stream and River Herbaceous,"139,290"
Riparian,Northern Rocky Mountain Lower Montane Riparian Shrubland,"136,097"
Riparian,Northwestern Great Plains Riparian Shrubland,"131,505"
Riparian,Columbia Basin Foothill Riparian Woodland,"130,533"
Riparian,West Gulf Coastal Plain Large River Floodplain Herbaceous,"130,066"
Riparian,Edwards Plateau Riparian Shrubland,"129,000"
Riparian,Columbia Plateau Silver Sagebrush Seasonally Flooded Shrub-Steppe,"126,266"
Riparian,Aleutian Shrub Floodplains,"125,520"
Riparian,South Florida Slough Gator Hole and Willow Head Herbaceous,"119,734"
Riparian,Northwestern Great Plains Floodplain Forest and Woodland,"118,648"
Riparian,Acadian-Appalachian Conifer Seepage Forest,"114,970"
Riparian,Tamaulipan Ramadero,"112,588"
Riparian,Western Great Plains Floodplain Shrubland,"111,548"
Riparian,Boreal Aquatic Beds,"108,059"
Riparian,Texas Coast Fresh and Oligohaline Tidal Marsh,"102,239"
Riparian,South Florida Hydric Hammock,"101,344"
Riparian,North American Warm Desert Riparian Shrubland,"99,777"
Riparian,South Florida Bayhead Swamp,"98,518"
Riparian,Southern Piedmont Large Floodplain Forest,"95,421"
Riparian,Southern Atlantic Coastal Plain Fresh and Oligohaline Tidal Marsh,"92,573"
Riparian,North American Warm Desert Lower Montane Riparian Shrubland,"81,224"
Riparian,California Central Valley Riparian Woodland,"79,183"
Riparian,East Gulf Coastal Plain Wet Prairie,"78,858"
Riparian,West Gulf Coastal Plain Wet Longleaf Pine Savanna and Flatwoods,"76,722"
Riparian,South Florida Pond-apple/Popash Slough,"76,653"
Riparian,Northern Atlantic Coastal Plain Tidal Swamp,"75,616"
Riparian,North American Warm Desert Cienega,"75,367"
Riparian,California Central Valley Riparian Shrubland,"70,320"
Riparian,South-Central Interior Small Stream and Riparian Herbaceous,"68,145"
Riparian,Texas Coast Salt and Brackish Tidal Marsh Shrubland,"67,601"
Riparian,Central Appalachian River Floodplain Forest,"66,165"
Riparian,Great Basin Foothill and Lower Montane Riparian Woodland,"65,600"
Riparian,South Florida Dwarf Cypress Savanna,"65,561"
Riparian,Southeastern Great Plains Riparian Shrubland,"65,036"
Riparian,Southeastern Coastal Plain Interdunal Wetland,"62,041"
Riparian,Northern Atlantic Coastal Plain Brackish Tidal Marsh,"61,462"
Riparian,Western Great Plains Saline Depression Wetland,"57,859"
Riparian,North American Warm Desert Riparian Woodland,"57,858"
Riparian,East Gulf Coastal Plain Northern Seepage Swamp,"57,032"
Riparian,Tamaulipan Floodplain Shrubland,"54,982"
Riparian,Laurentian-Acadian Floodplain Shrubland,"54,591"
Riparian,North-Central Interior and Appalachian Acidic Peatland Shrubland,"54,316"
Riparian,Central Texas Coastal Prairie River Floodplain Forest,"53,684"
Riparian,Chihuahuan-Sonoran Desert Bottomland and Swale Grassland,"53,470"
Riparian,Central Florida Herbaceous Pondshore,"53,318"
Riparian,Aleutian Forested Floodplains,"53,010"
Riparian,Southern Coastal Plain Seepage Swamp and Baygall Shrubland,"52,454"
Riparian,Caribbean Estuary Mangrove,"50,174"
Riparian,Atlantic Coastal Plain Embayed Region Tidal Freshwater Marsh,"49,816"
Riparian,Edwards Plateau Riparian Herbaceous,"49,513"
Riparian,Tamaulipan Floodplain Herbaceous,"49,076"
Riparian,Tamaulipan Riparian Herbaceous,"47,750"
Riparian,Mississippi Sound Salt and Brackish Tidal Marsh,"47,239"
Riparian,North American Warm Desert Riparian Herbaceous,"47,017"
Riparian,Tamaulipan Riparian Woodland,"46,858"
Riparian,Ozark-Ouachita Riparian Herbaceous,"46,236"
Riparian,East Gulf Coastal Plain Large River Floodplain Herbaceous,"45,429"
Riparian,South-Central Interior/Upper Coastal Plain Wet Flatwoods,"44,335"
Riparian,Great Lakes Wooded Dune and Swale,"40,742"
Riparian,Atlantic Coastal Plain Brownwater Stream Floodplain Forest,"39,164"
Riparian,North-Central Interior Shrub Alkaline Fen,"37,656"
Riparian,Tamaulipan Floodplain Woodland,"37,177"
Riparian,Texas-Louisiana Coastal Prairie,"36,655"
Riparian,Northern Atlantic Coastal Plain Fresh and Oligohaline Tidal Marsh,"36,538"
Riparian,Mississippi Sound Fresh and Oligohaline Tidal Marsh,"35,784"
Riparian,North-Central Appalachian Seepage Fen,"35,751"
Riparian,Atlantic Coastal Plain Clay-Based Carolina Bay Wetland,"35,492"
Riparian,Central Texas Coastal Prairie Riparian Forest,"35,405"
Riparian,North American Warm Desert Wash Shrubland,"34,555"
Riparian,Columbia Basin Foothill Riparian Herbaceous,"32,247"
Riparian,North-Central Interior Floodplain Shrubland,"31,610"
Riparian,Southeastern Great Plains Floodplain Shrubland,"30,333"
Riparian,Edwards Plateau Floodplain Terrace Forest and Woodland,"29,949"
Riparian,Northern Great Lakes Coastal Marsh,"29,190"
Riparian,Florida River Floodplain Marsh,"29,092"
Riparian,Columbia Basin Foothill Riparian Shrubland,"28,924"
Riparian,North Pacific Hardwood-Conifer Swamp,"27,993"
Riparian,North American Warm Desert Riparian Mesquite Bosque Shrubland,"27,883"
Riparian,Northwestern Great Plains Floodplain Shrubland,"27,529"
Riparian,Florida Big Bend Fresh and Oligohaline Tidal Marsh,"26,757"
Riparian,Texas-Louisiana Coastal Prairie Pondshore,"26,668"
Riparian,South Florida Wet Marl Prairie,"26,654"
Riparian,Atlantic Coastal Plain Peatland Pocosin and Canebrake Shrubland,"23,563"
Riparian,Edwards Plateau Floodplain Terrace Shrubland,"23,265"
Riparian,Mississippi River Low Floodplain (Bottomland) Herbaceous,"22,344"
Riparian,East Gulf Coastal Plain Wet Savanna,"21,996"
Riparian,Southern Atlantic Coastal Plain Large River Floodplain Herbaceous,"21,019"
Riparian,North-Central Interior Graminoid Alkaline Fen,"20,050"
Riparian,Central Florida Wet Prairie and Herbaceous Seep,"20,049"
Riparian,Eastern Boreal Floodplain Woodland,"19,525"
Riparian,North American Warm Desert Riparian Mesquite Bosque Woodland,"18,799"
Riparian,Tamaulipan Riparian Shrubland,"18,741"
Riparian,North Pacific Montane Riparian Shrubland,"18,422"
Riparian,High Allegheny Wetland,"16,399"
Riparian,Texas Coast Fresh and Oligohaline Tidal Marsh Shrubland,"16,102"
Riparian,Central Appalachian Stream and Riparian Shrubland,"15,935"
Riparian,Edwards Plateau Floodplain Terrace Herbaceous,"13,666"
Riparian,Tamaulipan Closed Depression Wetland Shrubland,"13,312"
Riparian,Northern Atlantic Coastal Plain Pond,"13,074"
Riparian,Acadian Coastal Salt Marsh,"12,437"
Riparian,Southern Atlantic Coastal Plain Depression Pondshore,"12,200"
Riparian,West Gulf Coastal Plain Herbaceous Seep and Bog,"12,188"
Riparian,Southern and Central Appalachian Bog and Fen,"11,357"
Riparian,Hawai'i Riparian Forest,"10,730"
Riparian,Hawaiian Ruderal Flooded & Swamp Forest,"10,685"
Riparian,Northern Atlantic Coastal Plain Riparian and Floodplain Herbaceous,"10,632"
Riparian,"Temperate Pacific Tidal Marshes, Aquatic Beds, and Intertidal Flats","10,451"
Riparian,Central Appalachian Stream and Riparian Herbaceous,"10,032"
Riparian,Atlantic Coastal Plain Northern Bog,"9,704"
Riparian,Piedmont Upland Depression Swamp,"8,830"
Riparian,East Gulf Coastal Plain Freshwater Tidal Wooded Swamp,"7,660"
Riparian,Hawai'i Floodplain Forest,"7,390"
Riparian,Great Lakes Wet-Mesic Lakeplain Prairie,"7,303"
Riparian,Great Plains Wooded Draw and Ravine Shrubland,"7,013"
Riparian,West Gulf Coastal Plain Large River Floodplain Shrubland,"6,965"
Riparian,East Gulf Coastal Plain Depression Pondshore,"6,733"
Riparian,Southern Piedmont Small Floodplain and Riparian Herbaceous,"6,256"
Riparian,Acadian Estuary Marsh,"6,071"
Riparian,North American Warm Desert Wash Woodland,"5,965"
Riparian,Tamaulipan Closed Depression Wetland Woodland,"5,959"
Riparian,Atlantic Coastal Plain Indian River Lagoon Tidal Marsh,"5,752"
Riparian,Northern Great Lakes Interdunal Wetland,"5,749"
Riparian,South-Central Interior Small Stream and Riparian Shrubland,"4,982"
Riparian,Acadian Maritime Bog,"4,896"
Riparian,West Gulf Coastal Plain Small Stream and River Shrubland,"4,804"
Riparian,Central Texas Coastal Prairie River Floodplain Herbaceous,"4,771"
Riparian,Great Lakes Freshwater Estuary and Delta,"4,195"
Riparian,Atlantic Coastal Plain Blackwater Stream Floodplain Shrubland,"3,848"
Riparian,Central Texas Coastal Prairie Riparian Herbaceous,"3,697"
Riparian,East Gulf Coastal Plain Small Stream and River Floodplain Shrubland,"3,599"
Riparian,Eastern Boreal Floodplain Shrubland,"3,249"
Riparian,West Gulf Coastal Plain Flatwoods Pond,"3,045"
Riparian,Mediterranean California Serpentine Foothill and Lower Montane Riparian Shrubland and Seep,"2,187"
Riparian,Hawai'i Freshwater Marsh,"2,126"
Riparian,Mediterranean California Serpentine Foothill and Lower Montane Riparian Woodland and Seep,"2,030"
Riparian,Piedmont Seepage Wetland,"2,027"
Riparian,Central Texas Coastal Prairie Riparian Shrubland,"1,845"
Riparian,South-Central Interior Large Floodplain Shrubland,"1,774"
Riparian,Mississippi River High Floodplain (Bottomland) Shrubland,"1,740"
Riparian,Northern Rocky Mountain Conifer Swamp,"1,196"
Riparian,Central Texas Coastal Prairie River Floodplain Shrubland,"1,051"
Riparian,Hawai'i Riparian Shrubland,927
Riparian,Southern Piedmont Large Floodplain Herbaceous,903
Riparian,Hawai'I Floodplain Shrubland,893
Riparian,Southern Piedmont Small Floodplain and Riparian Shrubland,836
Riparian,Northern Atlantic Coastal Plain Riparian and Floodplain Shrubland,819
Riparian,Gulf Coast Chenier Plain Fresh and Oligohaline Tidal Marsh Shrubland,786
Riparian,Southern Coastal Plain Herbaceous Seep and Bog,731
Riparian,Hawaiian Ruderal Freshwater Wet Meadow & Marsh,707
Riparian,Gulf Coast Chenier Plain Salt and Brackish Tidal Marsh Shrubland,649
Riparian,East Gulf Coastal Plain Large River Floodplain Shrubland,625
Riparian,Southern Ridge and Valley Seepage Fen,534
Riparian,Central Appalachian River Floodplain Shrubland,473
Riparian,Southeastern Coastal Plain Natural Lakeshore,456
Riparian,Central Appalachian River Floodplain Herbaceous,379
Riparian,Central Interior Highlands and Appalachian Sinkhole and Depression Pond,313
Riparian,Ozark-Ouachita Riparian Shrubland,286
Riparian,Southern Atlantic Coastal Plain Large River Floodplain Shrubland,214
Riparian,Atlantic Coastal Plain Streamhead Seepage Swamp-Pocosin-Baygall Shrubland,200
Riparian,Hawaiian Ruderal Coastal Salt Marsh,162
Riparian,Atlantic Coastal Plain Sandhill Seep,161
Riparian,Southern Piedmont Large Floodplain Shrubland,111
Riparian,Mississippi River Low Floodplain (Bottomland) Shrubland,95
Riparian,Southern Appalachian Seepage Wetland,79
Riparian,Cumberland Seepage Forest,23
Shrubland,Inter-Mountain Basins Big Sagebrush Shrubland,"49,549,538"
Shrubland,Inter-Mountain Basins Big Sagebrush Steppe,"33,410,822"
Shrubland,Inter-Mountain Basins Montane Sagebrush Steppe,"30,141,827"
Shrubland,Western North American Boreal Mesic Scrub Birch-Willow Shrubland,"23,669,345"
Shrubland,Arctic Shrub-Tussock Tundra,"21,114,694"
Shrubland,Sonora-Mojave Creosotebush-White Bursage Desert Scrub,"20,268,490"
Shrubland,Alaska Arctic Scrub Birch-Ericaceous Shrubland,"17,008,410"
Shrubland,Inter-Mountain Basins Semi-Desert Shrub-Steppe,"14,698,858"
Shrubland,Mojave Mid-Elevation Mixed Desert Scrub,"13,875,420"
Shrubland,Sonoran Paloverde-Mixed Cacti Desert Scrub,"13,251,758"
Shrubland,Western Great Plains Mesquite Shrubland,"12,892,397"
Shrubland,Chihuahuan Mixed Desert and Thornscrub,"12,639,598"
Shrubland,Inter-Mountain Basins Mixed Salt Desert Scrub,"12,627,368"
Shrubland,Apacherian-Chihuahuan Semi-Desert Shrub-Steppe,"10,997,371"
Shrubland,Alaska Arctic Mesic-Wet Willow Shrubland,"9,122,207"
Shrubland,Edwards Plateau Limestone Shrubland,"8,069,910"
Shrubland,Great Basin Xeric Mixed Sagebrush Shrubland,"7,048,060"
Shrubland,Inter-Mountain Basins Greasewood Flat,"6,341,449"
Shrubland,Chihuahuan Creosotebush Desert Scrub,"6,072,281"
Shrubland,Alaska Arctic Dwarf-Shrubland,"6,054,738"
Shrubland,Columbia Plateau Low Sagebrush Steppe,"5,209,269"
Shrubland,Tamaulipan Mixed Deciduous Thornscrub,"4,969,064"
Shrubland,Western Great Plains Sandhill Steppe,"4,875,296"
Shrubland,Colorado Plateau Blackbrush-Mormon-tea Shrubland,"4,342,746"
Shrubland,Northern and Central California Dry-Mesic Chaparral,"4,160,147"
Shrubland,Alaska Arctic Mesic Alder Shrubland,"4,113,961"
Shrubland,Western North American Boreal Alpine Ericaceous Dwarf-Shrubland,"4,024,316"
Shrubland,Aleutian Mesic Alder-Salmonberry Shrubland,"3,980,313"
Shrubland,Northern Rocky Mountain Montane-Foothill Deciduous Shrubland,"3,979,243"
Shrubland,Alaska Sub-boreal Mesic Subalpine Alder Shrubland,"3,954,566"
Shrubland,Western North American Boreal Alpine Dryas Dwarf-Shrubland,"3,923,601"
Shrubland,Rocky Mountain Gambel Oak-Mixed Montane Shrubland,"3,680,189"
Shrubland,Inter-Mountain Basins Mat Saltbush Shrubland,"3,600,743"
Shrubland,Arctic Shrub Tundra,"3,592,235"
Shrubland,Aleutian Crowberry-Herbaceous Heath,"3,578,458"
Shrubland,Alaska Arctic Mesic Sedge-Willow Tundra,"3,091,801"
Shrubland,Colorado Plateau Pinyon-Juniper Shrubland,"3,052,475"
Shrubland,Arctic Shrub Tussock Tundra,"3,045,021"
Shrubland,Southern Colorado Plateau Sand Shrubland,"2,814,221"
Shrubland,Alaska Arctic Non-Acidic Dryas Dwarf-Shrubland,"2,769,744"
Shrubland,Alaska Arctic Acidic Dryas Dwarf-Shrubland,"2,713,165"
Shrubland,Alaska Arctic Acidic Dwarf-Shrub Lichen Tundra,"2,540,902"
Shrubland,Chihuahuan Stabilized Coppice Dune and Sand Flat Scrub,"2,474,331"
Shrubland,Tamaulipan Calcareous Thornscrub,"2,470,272"
Shrubland,Mogollon Chaparral,"2,416,891"
Shrubland,Southern California Dry-Mesic Chaparral,"2,267,688"
Shrubland,Recently Burned-Shrub Cover,"2,153,407"
Shrubland,Llano Estacado Caprock Escarpment and Breaks Shrubland and Steppe,"2,123,824"
Shrubland,Boreal Tussock Tundra,"2,091,990"
Shrubland,Rocky Mountain Lower Montane-Foothill Shrubland,"2,031,433"
Shrubland,Western North American Boreal Spruce-Lichen Woodland,"1,970,420"
Shrubland,Aleutian Mixed Dwarf-Shrub-Herbaceous Shrubland,"1,966,653"
Shrubland,Northern Rocky Mountain Subalpine Deciduous Shrubland,"1,842,750"
Shrubland,Arctic Shrub Sedge-Tussock-Lichen Tundra,"1,809,547"
Shrubland,Boreal Dwarf Shrub Wetland,"1,789,121"
Shrubland,Western North American Boreal Alpine Dwarf-Shrub Summit,"1,716,032"
Shrubland,Northwestern Great Plains Shrubland,"1,694,059"
Shrubland,Recently Logged-Shrub Cover,"1,656,098"
Shrubland,Chihuahuan Mixed Salt Desert Scrub,"1,645,879"
Shrubland,California Montane Woodland and Chaparral,"1,602,596"
Shrubland,Southern California Coastal Scrub,"1,584,122"
Shrubland,Tamaulipan Mesquite Upland Scrub,"1,460,067"
Shrubland,Alaskan Pacific Maritime Subalpine Alder-Salmonberry Shrubland,"1,434,431"
Shrubland,Colorado Plateau Mixed Low Sagebrush Shrubland,"1,376,795"
Shrubland,Wyoming Basins Dwarf Sagebrush Shrubland and Steppe,"1,310,441"
Shrubland,Columbia Plateau Scabland Shrubland,"1,266,504"
Shrubland,Chihuahuan Succulent Desert Scrub,"1,181,266"
Shrubland,Alaskan Pacific Maritime Alpine Dwarf-Shrubland,"1,146,830"
Shrubland,Arctic Herbaceous Sedge-Tussock-Lichen Tundra,"1,139,376"
Shrubland,Alaska Arctic Non-Acidic Dwarf-Shrub Lichen Tundra,"987,232"
Shrubland,Alaska Arctic Acidic Sparse Tundra,"968,216"
Shrubland,Alaska Arctic Mesic Sedge-Dryas Tundra,"893,344"
Shrubland,Sonora-Mojave Mixed Salt Desert Scrub,"837,540"
Shrubland,Sonoran Mid-Elevation Desert Scrub,"770,579"
Shrubland,Western North American Boreal Alpine Dwarf-Shrub-Lichen Shrubland,"708,218"
Shrubland,Central Mixedgrass Prairie Shrubland,"661,942"
Shrubland,Alaska Arctic Non-Acidic Sparse Tundra,"632,306"
Shrubland,Aleutian Mesic-Wet Willow Shrubland,"625,833"
Shrubland,Boreal Shrub Swamp,"549,326"
Shrubland,Aleutian Sparse Heath and Fell-Field,"494,441"
Shrubland,North Pacific Montane Shrubland,"483,549"
Shrubland,Rocky Mountain Alpine Dwarf-Shrubland,"478,754"
Shrubland,Alaskan Pacific Maritime Periglacial Woodland,"457,890"
Shrubland,Alaskan Pacific Maritime Avalanche Slope Shrubland,"453,670"
Shrubland,Alaskan Pacific Maritime Alpine Sparse Shrub and Fell-field,"445,438"
Shrubland,California Mesic Chaparral,"369,782"
Shrubland,Sonora-Mojave Semi-Desert Chaparral,"363,323"
Shrubland,Great Basin Semi-Desert Chaparral,"307,149"
Shrubland,Florida Peninsula Inland Scrub Shrubland,"294,138"
Shrubland,Sierra Nevada Alpine Dwarf-Shrubland,"273,490"
Shrubland,Alaska Sub-boreal Avalanche Slope Shrubland,"217,779"
Shrubland,Polynesian Ruderal Lowland Shrubland,"212,627"
Shrubland,Aleutian Oval-leaf Blueberry Shrubland,"207,506"
Shrubland,Hawai'i Montane-Subalpine Dry Shrubland,"201,881"
Shrubland,Pacific Maritime Dwarf Shrub Wetland,"191,236"
Shrubland,Alaska Arctic Lichen Tundra,"173,960"
Shrubland,Tamaulipan Saline Thornscrub,"166,800"
Shrubland,Arctic Herbaceous Tussock Tundra,"155,969"
Shrubland,Inter-Mountain Basins Curl-leaf Mountain Mahogany Shrubland,"153,770"
Shrubland,Madrean Oriental Chaparral,"137,950"
Shrubland,Northern California Coastal Scrub,"132,514"
Shrubland,Arctic Dwarf Shrub Wetland,"117,692"
Shrubland,Klamath-Siskiyou Xeromorphic Serpentine Chaparral,"92,562"
Shrubland,North Pacific Dry and Mesic Alpine Dwarf-Shrubland,"80,973"
Shrubland,Alaskan Pacific Maritime Periglacial Shrubland,"78,078"
Shrubland,Northern Rocky Mountain Avalanche Chute Shrubland,"65,717"
Shrubland,Sonoran Granite Outcrop Desert Scrub,"50,413"
Shrubland,Recently Disturbed Other-Shrub Cover,"48,322"
Shrubland,Alaskan Pacific Maritime Subalpine Copperbush Shrubland,"47,598"
Shrubland,Florida Dry Prairie Shrubland,"44,015"
Shrubland,Polynesian Ruderal Subalpine-Montane Shrubland,"37,153"
Shrubland,Polynesian Ruderal Dry Scrub,"35,149"
Shrubland,California Xeric Serpentine Chaparral,"28,050"
Shrubland,Tamaulipan Lomas,"24,539"
Shrubland,North Pacific Avalanche Chute Shrubland,"22,950"
Shrubland,Hawai'i Lowland Dry Shrubland,"20,420"
Shrubland,Mediterranean California Mesic Serpentine Chaparral,"16,930"
Shrubland,Acadian-Appalachian Subalpine Heath-Krummholz,"15,277"
Shrubland,Northern Atlantic Coastal Plain Heathland,"10,966"
Shrubland,Eastern Great Plains Tallgrass Aspen Shrubland,"8,278"
Shrubland,California Maritime Chaparral,"8,037"
Shrubland,Southeast Florida Coastal Strand Shrubland,"7,352"
Shrubland,Hawai'i Wet Cliff and Ridge Crest Shrubland,"6,011"
Shrubland,Hawai'i Alpine Dwarf-Shrubland,"5,628"
Shrubland,Southwest Florida Coastal Strand Shrubland,"5,621"
Shrubland,Northern Appalachian-Acadian Rocky Heath Outcrop Shrubland,"4,948"
Shrubland,Hawai'i Subalpine Mesic Shrubland,"4,600"
Shrubland,Acadian-Appalachian Alpine Tundra Shrubland,"4,393"
Shrubland,Southern Appalachian Shrub Bald,"4,025"
Shrubland,Northern Atlantic Coastal Plain Dune and Swale Shrubland,"3,953"
Shrubland,Hawai'i Dry Coastal Strand Shrubland,"3,807"
Shrubland,Hawai'i Lowland Mesic Shrubland,"2,747"
Shrubland,Pacific Maritime Shrub Swamp,"2,737"
Shrubland,Baja Semi-Desert Coastal Succulent Scrub,"2,480"
Shrubland,North Pacific Shrub Swamp,"2,085"
Shrubland,Mediterranean California Alpine Fell-Field,820
Shrubland,Laurentian-Acadian Calcareous Rocky Outcrop Shrubland,430
Shrubland,Laurentian Acidic Rocky Outcrop Shrubland,273
Shrubland,North Pacific Hypermaritime Shrub Headland,192
Shrubland,Polynesian Ruderal Scrub Coastal Strand,114
Shrubland,Hawai'i Wet-Mesic Coastal Strand,67
Snow-Ice,North American Glacier and Ice Field,"355,640"
Sparsely Vegetated,Colorado Plateau Mixed Bedrock Canyon and Tableland,"6,772,652"
Sparsely Vegetated,Inter-Mountain Basins Playa,"6,075,741"
Sparsely Vegetated,North American Warm Desert Pavement,"5,031,543"
Sparsely Vegetated,Rocky Mountain Cliff Canyon and Massive Bedrock,"2,938,681"
Sparsely Vegetated,Rocky Mountain Alpine Bedrock and Scree,"2,378,608"
Sparsely Vegetated,Inter-Mountain Basins Shale Badland,"2,313,673"
Sparsely Vegetated,North American Warm Desert Playa,"2,224,303"
Sparsely Vegetated,North American Warm Desert Bedrock Cliff and Outcrop,"2,125,845"
Sparsely Vegetated,Inter-Mountain Basins Cliff and Canyon,"1,352,871"
Sparsely Vegetated,Western Great Plains Badlands,"1,268,428"
Sparsely Vegetated,Mediterranean California Alpine Bedrock and Scree,"1,057,203"
Sparsely Vegetated,North American Warm Desert Active and Stabilized Dune,"876,004"
Sparsely Vegetated,Inter-Mountain Basins Wash,"857,882"
Sparsely Vegetated,Inter-Mountain Basins Volcanic Rock and Cinder Land,"756,093"
Sparsely Vegetated,Hawai'i Dry-Site Lava Flow,"642,224"
Sparsely Vegetated,Sierra Nevada Cliff and Canyon,"636,620"
Sparsely Vegetated,Western Great Plains Cliff and Outcrop,"555,460"
Sparsely Vegetated,North American Warm Desert Badland,"492,615"
Sparsely Vegetated,Inter-Mountain Basins Active and Stabilized Dune,"479,155"
Sparsely Vegetated,North Pacific Montane Massive Bedrock-Cliff and Talus,"466,407"
Sparsely Vegetated,North Pacific Alpine and Subalpine Bedrock and Scree,"463,184"
Sparsely Vegetated,Central California Coast Ranges Cliff and Canyon,"376,412"
Sparsely Vegetated,North American Warm Desert Volcanic Rockland,"361,717"
Sparsely Vegetated,Southern California Coast Ranges Cliff and Canyon,"113,607"
Sparsely Vegetated,North Pacific Active Volcanic Rock and Cinder Land,"99,743"
Sparsely Vegetated,Klamath-Siskiyou Cliff and Outcrop,"97,704"
Sparsely Vegetated,Columbia Plateau Ash and Tuff Badland,"49,702"
Sparsely Vegetated,North Pacific Maritime Coastal Sand Dune and Strand,"33,029"
Sparsely Vegetated,Northern Atlantic Coastal Plain Sandy Beach,"28,899"
Sparsely Vegetated,Mediterranean California Northern Coastal Dune,"27,267"
Sparsely Vegetated,Southern Atlantic Coastal Plain Sea Island Beach,"18,164"
Sparsely Vegetated,South Texas Salt and Brackish Tidal Flat,"17,975"
Sparsely Vegetated,Hawai'i Alpine Bedrock and Scree,"17,297"
Sparsely Vegetated,Great Lakes Dune,"15,124"
Sparsely Vegetated,Texas Coast Beach,"14,375"
Sparsely Vegetated,Florida Panhandle Beach Vegetation,"12,078"
Sparsely Vegetated,Edwards Plateau Cliff,"11,675"
Sparsely Vegetated,Central Atlantic Coastal Plain Sandy Beach,"5,939"
Sparsely Vegetated,Mediterranean California Southern Coastal Dune,"5,331"
Sparsely Vegetated,Hawai'i Dry Coastal Strand Sparse Vegetation,"4,945"
Sparsely Vegetated,Louisiana Beach,"4,421"
Sparsely Vegetated,Central Interior Acidic Cliff and Talus,"3,357"
Sparsely Vegetated,Southeastern Great Plains Cliff,"2,113"
Sparsely Vegetated,Southern Coastal Plain Sinkhole,"1,828"
Sparsely Vegetated,Central Interior Calcareous Cliff and Talus,"1,820"
Sparsely Vegetated,Southern Atlantic Coastal Plain Florida Beach,969
Sparsely Vegetated,Southwest Florida Beach,924
Sparsely Vegetated,Acadian-North Atlantic Rocky Coast,612
Sparsely Vegetated,Southeastern Coastal Plain Cliff,604
Sparsely Vegetated,Southeast Florida Beach,526
Sparsely Vegetated,Laurentian-Acadian Lakeshore Beach,522
Sparsely Vegetated,Laurentian-Acadian Acidic Cliff and Talus,427
Sparsely Vegetated,Gulf Coast Chenier Plain Beach,381
Sparsely Vegetated,Great Lakes Alkaline Rocky Shore and Cliff,220
Sparsely Vegetated,North-Central Appalachian Acidic Cliff and Talus,194
Sparsely Vegetated,Southwestern Great Plains Canyon,180
Sparsely Vegetated,Great Lakes Acidic Rocky Shore and Cliff,38
Sparsely Vegetated,Northeastern Erosional Bluff,23
Sparsely Vegetated,Laurentian-Acadian Calcareous Cliff and Talus,22
Sparsely Vegetated,North-Central Appalachian Circumneutral Cliff and Talus,21
Sparsely Vegetated,Southern Piedmont Granite Flatrock and Outcrop,21
Sparsely Vegetated,Cumberland Acidic Cliff and Rockhouse,15
Sparsely Vegetated,Southern Appalachian Granitic Dome,6
Sparsely Vegetated,South Florida Shell Hash Beach,4
(blank),(blank),
