GROUPVEG,BPS_NAME,Sum of ACRES
Conifer,East Gulf Coastal Plain Interior Upland Longleaf Pine Woodland,"18,363,580"
Conifer,Rocky Mountain Subalpine Dry-Mesic Spruce-Fir Forest and Woodland,"15,820,191"
Conifer,Atlantic Coastal Plain Upland Longleaf Pine Woodland,"15,278,742"
Conifer,Colorado Plateau Pinyon-Juniper Woodland,"12,486,441"
Conifer,Western North American Boreal Mesic Black Spruce Forest - Boreal,"12,188,763"
Conifer,Southern Rocky Mountain Ponderosa Pine Woodland,"10,164,236"
Conifer,Rocky Mountain Subalpine Mesic-Wet Spruce-Fir Forest and Woodland,"9,547,225"
Conifer,North Pacific Maritime Mesic-Wet Douglas-fir-Western Hemlock Forest,"8,965,435"
Conifer,Northern Rocky Mountain Dry-Mesic Montane Mixed Conifer Forest - Ponderosa Pine-Douglas-fir,"8,673,114"
Conifer,Alaskan Pacific Maritime Western Hemlock Forest,"8,630,449"
Conifer,Mediterranean California Mesic Mixed Conifer Forest and Woodland,"7,126,398"
Conifer,Northern Rocky Mountain Dry-Mesic Montane Mixed Conifer Forest,"7,011,689"
Conifer,Middle Rocky Mountain Montane Douglas-fir Forest and Woodland,"6,623,253"
Conifer,Northern Rocky Mountain Subalpine Woodland and Parkland,"6,526,957"
Conifer,Mediterranean California Dry-Mesic Mixed Conifer Forest and Woodland,"6,432,575"
Conifer,Great Basin Pinyon-Juniper Woodland,"6,215,102"
Conifer,Western North American Boreal Treeline White Spruce Woodland - Boreal,"5,598,789"
Conifer,North Pacific Maritime Dry-Mesic Douglas-fir-Western Hemlock Forest,"5,522,920"
Conifer,Northern Rocky Mountain Mesic Montane Mixed Conifer Forest,"4,997,922"
Conifer,Edwards Plateau Limestone Shrubland,"4,969,941"
Conifer,Ozark-Ouachita Shortleaf Pine-Oak Forest and Woodland,"4,690,584"
Conifer,Boreal White Spruce-Fir-Hardwood Forest - Inland,"4,420,864"
Conifer,Southern Rocky Mountain Juniper Woodland and Savanna,"4,011,421"
Conifer,Southern Rocky Mountain Dry-Mesic Montane Mixed Conifer Forest and Woodland,"3,921,536"
Conifer,Atlantic Coastal Plain Fall-line Sandhills Longleaf Pine Woodland,"3,824,260"
Conifer,Northern Rocky Mountain Ponderosa Pine Woodland and Savanna - Mesic,"3,669,967"
Conifer,Northern Rocky Mountain Dry-Mesic Montane Mixed Conifer Forest - Grand Fir,"3,551,243"
Conifer,California Montane Jeffrey Pine(-Ponderosa Pine) Woodland,"3,507,810"
Conifer,Southern Rocky Mountain Ponderosa Pine Savanna,"3,423,558"
Conifer,Boreal White Spruce-Fir-Hardwood Forest - Aspen-Birch,"3,283,672"
Conifer,Florida Longleaf Pine Sandhill,"3,083,853"
Conifer,Madrean Pinyon-Juniper Woodland,"2,918,480"
Conifer,Laurentian Pine-Oak Barrens - Jack Pine,"2,825,573"
Conifer,North Pacific Mesic Western Hemlock-Silver Fir Forest,"2,755,254"
Conifer,California Coastal Redwood Forest,"2,691,214"
Conifer,Southern Rocky Mountain Pinyon-Juniper Woodland,"2,674,570"
Conifer,Madrean Encinal,"2,659,488"
Conifer,West Gulf Coastal Plain Upland Longleaf Pine Forest and Woodland,"2,574,197"
Conifer,Northern Rocky Mountain Ponderosa Pine Woodland and Savanna,"2,563,818"
Conifer,Alaskan Pacific Maritime Mountain Hemlock Forest - Southeast,"2,523,834"
Conifer,North Pacific Hypermaritime Sitka Spruce Forest,"2,432,996"
Conifer,Southern Rocky Mountain Mesic Montane Mixed Conifer Forest and Woodland,"2,283,360"
Conifer,Mediterranean California Mixed Evergreen Forest - Interior,"2,183,876"
Conifer,Northern Rocky Mountain Dry-Mesic Montane Mixed Conifer Forest - Larch,"2,120,242"
Conifer,Rocky Mountain Lodgepole Pine Forest,"2,099,894"
Conifer,Western North American Boreal Mesic Black Spruce Forest - Alaska Sub-boreal,"2,093,822"
Conifer,Columbia Plateau Western Juniper Woodland and Savanna,"1,925,549"
Conifer,Northwestern Great Plains-Black Hills Ponderosa Pine Woodland and Savanna - Savanna,"1,903,397"
Conifer,Alaskan Pacific Maritime Sitka Spruce Forest,"1,771,591"
Conifer,East Cascades Mesic Montane Mixed-Conifer Forest and Woodland,"1,655,221"
Conifer,Madrean Lower Montane Pine-Oak Forest and Woodland,"1,646,067"
Conifer,North Pacific Dry-Mesic Silver Fir-Western Hemlock-Douglas-fir Forest,"1,631,763"
Conifer,South Florida Pine Flatwoods,"1,480,081"
Conifer,North Pacific Hypermaritime Western Red-cedar-Western Hemlock Forest,"1,461,004"
Conifer,Rocky Mountain Poor-Site Lodgepole Pine Forest,"1,413,866"
Conifer,Southern Appalachian Low-Elevation Pine Forest,"1,411,824"
Conifer,Northwestern Great Plains-Black Hills Ponderosa Pine Woodland and Savanna - Low Elevation Woodland,"1,395,569"
Conifer,Mediterranean California Lower Montane Black Oak-Conifer Forest and Woodland,"1,372,134"
Conifer,Mediterranean California Red Fir Forest - Southern Sierra,"1,362,380"
Conifer,Boreal White Spruce-Fir-Hardwood Forest - Coastal,"1,299,321"
Conifer,Northern Rocky Mountain Ponderosa Pine Woodland and Savanna - Xeric,"1,250,341"
Conifer,Northern Atlantic Coastal Plain Pitch Pine Barrens,"1,223,251"
Conifer,Mediterranean California Mixed Evergreen Forest - Coastal,"1,083,305"
Conifer,Mediterranean California Red Fir Forest - Cascades,"1,059,657"
Conifer,Mediterranean California Red Fir Forest,"982,346"
Conifer,North Pacific Mountain Hemlock Forest - Wet,"859,042"
Conifer,North Pacific Mountain Hemlock Forest - Xeric,"858,629"
Conifer,Boreal Jack Pine-Black Spruce Forest,"785,100"
Conifer,East Cascades Oak-Ponderosa Pine Forest and Woodland,"721,908"
Conifer,Southeastern Interior Longleaf Pine Woodland,"667,664"
Conifer,North Pacific Dry Douglas-fir(-Madrone) Forest and Woodland,"664,845"
Conifer,Southern Appalachian Montane Pine Forest and Woodland,"661,340"
Conifer,Boreal Jack Pine-Black Spruce Forest - Pine Barrens,"654,901"
Conifer,Western North American Boreal Treeline White Spruce Woodland - Alaska Sub-boreal,"614,071"
Conifer,Central and Southern Appalachian Spruce-Fir Forest,"597,359"
Conifer,Mediterranean California Subalpine Woodland,"593,045"
Conifer,Rocky Mountain Foothill Limber Pine-Juniper Woodland,"533,166"
Conifer,Northwestern Great Plains-Black Hills Ponderosa Pine Woodland and Savanna,"530,432"
Conifer,Inter-Mountain Basins Juniper Savanna,"518,883"
Conifer,Alaskan Pacific Maritime Periglacial Woodland and Shrubland,"469,098"
Conifer,Northern Rocky Mountain Conifer Swamp,"454,128"
Conifer,Alaskan Pacific Maritime Mountain Hemlock Forest - Northern,"434,291"
Conifer,Madrean Juniper Savanna,"381,965"
Conifer,Klamath-Siskiyou Lower Montane Serpentine Mixed Conifer Woodland,"376,101"
Conifer,East-Central Texas Plains Southern Pine Forest and Woodland,"352,027"
Conifer,Southern Rocky Mountain Ponderosa Pine Woodland - South,"320,013"
Conifer,Northeastern Interior Pine Barrens,"230,917"
Conifer,Klamath-Siskiyou Upper Montane Serpentine Mixed Conifer Woodland,"219,300"
Conifer,Alaskan Pacific Maritime Floodplain Forest and Shrubland,"207,092"
Conifer,North Pacific Maritime Mesic Subalpine Parkland,"203,894"
Conifer,Rocky Mountain Subalpine-Montane Limber-Bristlecone Pine Woodland,"199,964"
Conifer,Northern Rocky Mountain Dry-Mesic Montane Mixed Conifer Forest - Lodgepole Pine,"186,177"
Conifer,Sierra Nevada Subalpine Lodgepole Pine Forest and Woodland - Wet,"161,994"
Conifer,Inter-Mountain Basins Subalpine Limber-Bristlecone Pine Woodland,"160,354"
Conifer,South Florida Pine Rockland,"156,098"
Conifer,Northern Rocky Mountain Foothill Conifer Wooded Steppe,"150,166"
Conifer,Middle Rocky Mountain Montane Douglas-fir Forest and Woodland - Fire-maintained Savanna,"149,908"
Conifer,Sierran-Intermontane Desert Western White Pine-White Fir Woodland,"144,264"
Conifer,Southern Rocky Mountain Ponderosa Pine Woodland - North,"132,212"
Conifer,Colorado Plateau Pinyon-Juniper Shrubland,"123,532"
Conifer,Alaskan Pacific Maritime Sitka Spruce Beach Ridge,"95,685"
Conifer,Boreal Aspen-Birch Forest,"92,014"
Conifer,Northwestern Great Plains Highland White Spruce Woodland,"91,392"
Conifer,Sierra Nevada Subalpine Lodgepole Pine Forest and Woodland - Dry,"73,341"
Conifer,Boreal Jack Pine-Black Spruce Forest - Spruce-Fir,"66,952"
Conifer,Klamath-Siskiyou Xeromorphic Serpentine Savanna and Chaparral,"50,782"
Conifer,Northern California Mesic Subalpine Woodland,"48,462"
Conifer,Sierra Nevada Subalpine Lodgepole Pine Forest and Woodland,"37,421"
Conifer,Northern Rocky Mountain Mesic Montane Mixed Conifer Forest - Cedar Groves,"22,715"
Conifer,Alaska Sub-boreal Mountain Hemlock-White Spruce Forest,"22,512"
Conifer,Madrean Upper Montane Conifer-Oak Forest and Woodland,"19,806"
Conifer,Great Lakes Alvar,"18,530"
Conifer,Southern Rocky Mountain Ponderosa Pine Savanna - North,"6,682"
Conifer,California Coastal Closed-Cone Conifer Forest and Woodland,"6,575"
Conifer,North Pacific Wooded Volcanic Flowage,"5,756"
Conifer,Mediterranean California Mixed Evergreen Forest,"3,275"
Conifer,Alaska Sub-boreal Mountain Hemlock Forest - Northern,245
Conifer,Southern Rocky Mountain Ponderosa Pine Savanna - South,193
Grassland,Northwestern Great Plains Mixedgrass Prairie,"113,119,226"
Grassland,Central Mixedgrass Prairie,"68,396,595"
Grassland,Western Great Plains Shortgrass Prairie,"60,464,818"
Grassland,Central Tallgrass Prairie,"59,838,036"
Grassland,Northern Tallgrass Prairie,"35,747,211"
Grassland,Western Great Plains Sand Prairie,"27,192,997"
Grassland,Southeastern Great Plains Tallgrass Prairie,"26,950,263"
Grassland,Apacherian-Chihuahuan Semi-Desert Grassland and Steppe,"19,109,555"
Grassland,Alaska Arctic Tussock Tundra - Infrequent Fire,"16,933,323"
Grassland,Columbia Plateau Steppe and Grassland,"14,734,504"
Grassland,Southern Blackland Tallgrass Prairie,"9,816,325"
Grassland,Texas-Louisiana Coastal Prairie,"9,042,896"
Grassland,Inter-Mountain Basins Semi-Desert Grassland,"8,683,004"
Grassland,Chihuahuan Loamy Plains Desert Grassland,"7,232,043"
Grassland,Alaska Arctic Tussock Tundra - Frequent Fire,"6,153,221"
Grassland,Northern Rocky Mountain Lower Montane-Foothill-Valley Grassland,"5,218,151"
Grassland,Tamaulipan Savanna Grassland,"4,558,878"
Grassland,North-Central Interior Sand and Gravel Tallgrass Prairie,"3,282,499"
Grassland,Western Great Plains Foothill and Piedmont Grassland,"3,096,086"
Grassland,Western Great Plains Tallgrass Prairie,"2,939,775"
Grassland,Alaska Arctic Polygonal Ground Wet Sedge Tundra,"2,914,415"
Grassland,Chihuahuan Sandy Plains Semi-Desert Grassland,"2,668,590"
Grassland,California Central Valley and Southern Coastal Grassland,"1,388,250"
Grassland,Central Interior Highlands Calcareous Glade and Barrens,"1,338,543"
Grassland,Chihuahuan Gypsophilous Grassland and Steppe,"1,313,128"
Grassland,Chihuahuan-Sonoran Desert Bottomland and Swale Grassland,"1,272,033"
Grassland,Aleutian Mesic Herbaceous Meadow,"1,262,726"
Grassland,Southern Rocky Mountain Montane-Subalpine Grassland,"1,179,244"
Grassland,Alaska Arctic Polygonal Ground Shrub-Tussock Tundra,"1,163,866"
Grassland,Southern Coastal Plain Blackland Prairie and Woodland,"1,159,174"
Grassland,Chihuahuan-Sonoran Desert Bottomland and Swale Grassland - Tobosa Grassland,"1,116,740"
Grassland,Chihuahuan-Sonoran Desert Bottomland and Swale Grassland - Alkali Sacaton,"1,057,623"
Grassland,South Texas Sand Sheet Grassland,"1,010,700"
Grassland,Alaska Arctic Mesic Herbaceous Meadow,"1,009,885"
Grassland,Alaska Arctic Acidic Sparse Tundra,"952,443"
Grassland,Great Plains Prairie Pothole,"945,594"
Grassland,Florida Dry Prairie,"889,228"
Grassland,Alaska Arctic Mesic Sedge-Dryas Tundra,"889,210"
Grassland,Western North American Sub-boreal Mesic Bluejoint Meadow,"880,719"
Grassland,Rocky Mountain Subalpine-Montane Mesic Meadow,"737,988"
Grassland,Lower Mississippi Alluvial Plain Grand Prairie,"714,506"
Grassland,Arkansas Valley Prairie and Woodland - Prairie,"699,739"
Grassland,Alaska Arctic Non-Acidic Sparse Tundra,"630,629"
Grassland,Arkansas Valley Prairie and Woodland - Woodland,"597,575"
Grassland,Eastern Great Plains Wet Meadow-Prairie-Marsh,"513,760"
Grassland,Western North American Boreal Dry Grassland,"469,384"
Grassland,Rocky Mountain Alpine Fell-Field,"363,809"
Grassland,Rocky Mountain Alpine Turf,"360,942"
Grassland,Northern Rocky Mountain Subalpine-Upper Montane Grassland,"329,714"
Grassland,Texas-Louisiana Saline Coastal Prairie,"282,544"
Grassland,Columbia Basin Foothill and Canyon Dry Grassland,"273,045"
Grassland,Gulf and Atlantic Coastal Plain Tidal Marsh Systems,"269,654"
Grassland,Northern Atlantic Coastal Plain Dune and Swale,"264,927"
Grassland,West Gulf Coastal Plain Northern Calcareous Prairie,"251,431"
Grassland,West Gulf Coastal Plain Southern Calcareous Prairie,"228,983"
Grassland,Aleutian Shrub and Herbaceous Meadow Floodplain,"178,402"
Grassland,North Pacific Alpine and Subalpine Dry Grassland,"173,860"
Grassland,Alaska Arctic Lichen Tundra,"170,795"
Grassland,Alaska Sub-boreal and Maritime Alpine Mesic Herbaceous Meadow,"144,588"
Grassland,Central and Upper Texas Coast Dune and Coastal Grassland,"121,696"
Grassland,Alaskan Pacific Maritime Mesic Herbaceous Meadow,"115,671"
Grassland,North Pacific Montane Grassland,"110,834"
Grassland,Columbia Basin Palouse Prairie,"107,706"
Grassland,California Northern Coastal Grassland,"96,864"
Grassland,Eastern Highland Rim Prairie and Barrens,"80,646"
Grassland,Western North American Boreal Alpine Mesic Herbaceous Meadow,"56,383"
Grassland,Alaska Arctic Marine Beach and Beach Meadow,"37,386"
Grassland,Pennyroyal Karst Plain Prairie and Barrens,"28,501"
Grassland,Tamaulipan Clay Grassland,"22,089"
Grassland,Aleutian American Dunegrass Grassland,"18,327"
Grassland,East Gulf Coastal Plain Jackson Plain Prairie and Barrens,"13,926"
Grassland,Mediterranean California Subalpine Meadow,"13,222"
Grassland,Western Highland Rim Prairie and Barrens,"11,214"
Grassland,California Mesic Serpentine Grassland,"9,698"
Grassland,Mediterranean California Alpine Dry Tundra,"9,272"
Grassland,Southern Atlantic Coastal Plain Dune and Maritime Grassland,"8,737"
Grassland,Aleutian Marine Beach and Beach Meadow,"8,003"
Grassland,East Gulf Coastal Plain Dune and Coastal Grassland,"7,686"
Grassland,Southern Appalachian Grass and Shrub Bald,"2,391"
Grassland,Alaska Arctic Active Inland Dune,"1,402"
Grassland,Aleutian Rocky Headland and Sea Cliff,202
Hardwood,North-Central Interior Dry-Mesic Oak Forest and Woodland,"34,764,125"
Hardwood,Northeastern Interior Dry-Mesic Oak Forest,"28,920,763"
Hardwood,Laurentian-Acadian Northern Hardwoods Forest,"23,340,449"
Hardwood,North-Central Interior Beech-Maple Forest,"21,487,366"
Hardwood,South-Central Interior Mesophytic Forest,"21,431,792"
Hardwood,Laurentian-Acadian Northern Hardwoods Forest - Hemlock,"19,603,181"
Hardwood,Southern Interior Low Plateau Dry-Mesic Oak Forest,"18,259,148"
Hardwood,Allegheny-Cumberland Dry Oak Forest and Woodland,"18,036,494"
Hardwood,North-Central Interior Oak Savanna,"15,072,496"
Hardwood,Ozark-Ouachita Dry Oak Woodland,"14,402,302"
Hardwood,Crosstimbers Oak Forest and Woodland,"13,191,471"
Hardwood,North-Central Interior Maple-Basswood Forest,"12,250,046"
Hardwood,Western North American Boreal Mesic Birch-Aspen Forest,"12,220,913"
Hardwood,Appalachian (Hemlock-)Northern Hardwood Forest,"11,752,335"
Hardwood,Ozark-Ouachita Dry-Mesic Oak Forest,"10,323,840"
Hardwood,Edwards Plateau Limestone Savanna and Woodland,"9,898,846"
Hardwood,Southern Piedmont Mesic Forest,"8,516,467"
Hardwood,California Lower Montane Blue Oak-Foothill Pine Woodland and Savanna,"7,837,864"
Hardwood,Southern Coastal Plain Mesic Slope Forest,"7,817,231"
Hardwood,Southern Coastal Plain Dry Upland Hardwood Forest,"7,673,576"
Hardwood,Atlantic Coastal Plain Mesic Hardwood Forest,"7,040,191"
Hardwood,East-Central Texas Plains Post Oak Savanna and Woodland,"7,000,528"
Hardwood,Rocky Mountain Aspen Forest and Woodland,"6,723,669"
Hardwood,Southern Appalachian Oak Forest,"5,740,725"
Hardwood,North-Central Interior Dry Oak Forest and Woodland,"5,617,239"
Hardwood,East Gulf Coastal Plain Northern Dry Upland Hardwood Forest,"4,876,249"
Hardwood,Northern Atlantic Coastal Plain Hardwood Forest,"4,206,968"
Hardwood,Southern Ridge and Valley/Cumberland Dry Calcareous Forest,"4,038,983"
Hardwood,North-Central Oak Barrens,"3,326,466"
Hardwood,Lower Mississippi River Flatwoods,"2,962,827"
Hardwood,Southern and Central Appalachian Cove Forest,"2,848,390"
Hardwood,Central and Southern California Mixed Evergreen Woodland,"2,827,970"
Hardwood,Edwards Plateau Dry-Mesic Slope Forest and Woodland,"2,348,979"
Hardwood,Atlantic Coastal Plain Dry and Dry-Mesic Oak Forest,"2,062,889"
Hardwood,East Gulf Coastal Plain Northern Loess Bluff Forest,"1,970,674"
Hardwood,West Gulf Coastal Plain Mesic Hardwood Forest,"1,913,130"
Hardwood,Western Great Plains Dry Bur Oak Forest and Woodland,"1,840,785"
Hardwood,Central and Southern Appalachian Montane Oak Forest,"1,820,718"
Hardwood,North-Central Interior Wet Flatwoods,"1,758,575"
Hardwood,Alaska Arctic Floodplain,"1,622,352"
Hardwood,Ozark-Ouachita Mesic Hardwood Forest,"1,581,408"
Hardwood,California Central Valley Mixed Oak Savanna,"1,398,563"
Hardwood,Central and South Texas Coastal Fringe Forest and Woodland,"1,196,372"
Hardwood,Willamette Valley Upland Prairie and Savanna,"1,181,823"
Hardwood,Mediterranean California Mixed Oak Woodland,"1,176,870"
Hardwood,North Pacific Oak Woodland,"1,151,665"
Hardwood,West Gulf Coastal Plain Nonriverine Wet Hardwood Flatwoods,"1,072,574"
Hardwood,East Gulf Coastal Plain Northern Loess Plain Oak-Hickory Upland,"951,045"
Hardwood,California Coastal Live Oak Woodland and Savanna,"879,033"
Hardwood,Eastern Boreal Floodplain,"838,401"
Hardwood,East Gulf Coastal Plain Southern Loess Bluff Forest,"746,142"
Hardwood,Southern California Oak Woodland and Savanna,"655,987"
Hardwood,East Gulf Coastal Plain Northern Mesic Hardwood Slope Forest,"630,149"
Hardwood,Llano Uplift Acidic Forest-Woodland-Glade,"619,520"
Hardwood,Rocky Mountain Bigtooth Maple Ravine Woodland,"579,039"
Hardwood,Eastern Great Plains Tallgrass Aspen Parkland,"541,241"
Hardwood,Alaska Arctic Large River Floodplain,"434,237"
Hardwood,Bluegrass Savanna and Woodland,"304,101"
Hardwood,Lower Mississippi River Dune Woodland and Forest,"287,919"
Hardwood,Aleutian Kenai Birch-Cottonwood-Poplar Forest,"276,574"
Hardwood,Southern Appalachian Northern Hardwood Forest,"266,650"
Hardwood,Central Atlantic Coastal Plain Maritime Forest,"229,987"
Hardwood,Central Interior Highlands Dry Acidic Glade and Barrens,"223,131"
Hardwood,South Florida Hardwood Hammock,"186,897"
Hardwood,Western North American Boreal Dry Aspen-Steppe Bluff - Lower Elevations,"182,412"
Hardwood,East Gulf Coastal Plain Limestone Forest,"136,004"
Hardwood,Southwest Florida Coastal Strand and Maritime Hammock,"126,935"
Hardwood,South-Central Interior/Upper Coastal Plain Flatwoods,"122,186"
Hardwood,Western North American Boreal Subalpine Balsam Poplar-Aspen Woodland,"120,890"
Hardwood,Mississippi River Alluvial Plain Dry-Mesic Loess Slope Forest,"120,349"
Hardwood,Laurentian-Acadian Northern Hardwoods Forest - Northern Sugar Maple-Basswood,"101,805"
Hardwood,South-Central Interior/Upper Coastal Plain Wet Flatwoods,"100,389"
Hardwood,Southeast Florida Coastal Strand and Maritime Hammock,"97,244"
Hardwood,Edwards Plateau Mesic Canyon,"97,216"
Hardwood,Southern Crowley`s Ridge Mesic Loess Slope Forest,"94,298"
Hardwood,West Gulf Coastal Plain Chenier and Upper Texas Coastal Fringe Forest and Woodland,"86,801"
Hardwood,North Pacific Broadleaf Landslide Forest and Shrubland,"65,444"
Hardwood,Alabama Ketona Glade and Woodland,"52,707"
Hardwood,Piedmont Hardpan Woodland and Forest,"37,145"
Hardwood,Ouachita Montane Oak Forest,"8,047"
Hardwood,Northwestern Great Plains Aspen Forest and Parkland,"2,743"
Hardwood,Appalachian Shale Barrens,"2,731"
Hardwood,Aleutian Floodplain Forest and Shrubland,7
Hardwood-Conifer,Southern Piedmont Dry Oak(-Pine) Forest,"26,699,773"
Hardwood-Conifer,Central Appalachian Dry Oak-Pine Forest,"14,635,099"
Hardwood-Conifer,West Gulf Coastal Plain Pine-Hardwood Forest,"11,227,524"
Hardwood-Conifer,Acadian Low-Elevation Spruce-Fir-Hardwood Forest,"10,274,186"
Hardwood-Conifer,Laurentian-Acadian Pine-Hemlock-Hardwood Forest,"9,815,022"
Hardwood-Conifer,Laurentian-Acadian Northern Pine(-Oak) Forest,"5,795,146"
Hardwood-Conifer,Inter-Mountain Basins Aspen-Mixed Conifer Forest and Woodland,"5,264,575"
Hardwood-Conifer,East Gulf Coastal Plain Interior Shortleaf Pine-Oak Forest,"4,218,279"
Hardwood-Conifer,Laurentian-Acadian Northern Pine(-Oak) Forest - Pine Dominated,"4,061,753"
Hardwood-Conifer,Ozark-Ouachita Shortleaf Pine-Bluestem Woodland,"3,660,405"
Hardwood-Conifer,Acadian-Appalachian Montane Spruce-Fir Forest,"2,730,440"
Hardwood-Conifer,West Gulf Coastal Plain Pine-Hardwood Flatwoods,"2,477,057"
Hardwood-Conifer,Laurentian Pine-Oak Barrens,"1,592,148"
Hardwood-Conifer,Paleozoic Plateau Bluff and Talus,"1,497,625"
Hardwood-Conifer,Inter-Mountain Basins Aspen-Mixed Conifer Forest and Woodland - High Elevation,"1,349,593"
Hardwood-Conifer,Central Appalachian Pine-Oak Rocky Woodland,"880,219"
Hardwood-Conifer,Inter-Mountain Basins Aspen-Mixed Conifer Forest and Woodland - Low Elevation,"669,640"
Hardwood-Conifer,West Gulf Coastal Plain Sandhill Oak and Shortleaf Pine Forest and Woodland,"638,481"
Hardwood-Conifer,Northern Crowley`s Ridge Sand Forest,"388,195"
Hardwood-Conifer,Northern Atlantic Coastal Plain Maritime Forest,"271,853"
Hardwood-Conifer,East Gulf Coastal Plain Maritime Forest,"172,752"
Hardwood-Conifer,Southern Atlantic Coastal Plain Maritime Forest,"144,105"
Hardwood-Conifer,Eastern Serpentine Woodland,"1,370"
Hardwood-Conifer,Mississippi Delta Maritime Forest,622
Riparian,Gulf and Atlantic Coastal Plain Floodplain Systems,"37,024,657"
Riparian,Central Interior and Appalachian Floodplain Systems,"20,265,228"
Riparian,Western Great Plains Floodplain Systems,"19,422,170"
Riparian,Central Interior and Appalachian Riparian Systems,"17,285,863"
Riparian,Gulf and Atlantic Coastal Plain Swamp Systems,"16,118,175"
Riparian,Gulf and Atlantic Coastal Plain Small Stream Riparian Systems,"15,394,163"
Riparian,Rocky Mountain Montane Riparian Systems,"13,420,649"
Riparian,Boreal Acidic Peatland Systems,"8,875,310"
Riparian,Central Interior and Appalachian Swamp Systems,"6,687,746"
Riparian,Laurentian-Acadian Alkaline Conifer-Hardwood Swamp,"6,122,342"
Riparian,Inter-Mountain Basins Montane Riparian Systems,"5,776,212"
Riparian,Central Florida Pine Flatwoods,"5,359,541"
Riparian,Gulf and Atlantic Coastal Plain Tidal Marsh Systems,"4,776,538"
Riparian,Alaska Arctic Sedge Freshwater Marsh,"4,465,203"
Riparian,Eastern Great Plains Floodplain Systems,"4,071,868"
Riparian,East Gulf Coastal Plain Near-Coast Pine Flatwoods,"3,981,827"
Riparian,California Central Valley Riparian Woodland and Shrubland,"3,903,333"
Riparian,West Gulf Coastal Plain Wet Longleaf Pine Savanna and Flatwoods,"3,880,090"
Riparian,Western Great Plains Depressional Wetland Systems,"3,572,891"
Riparian,Southern Atlantic Coastal Plain Wet Pine Savanna and Flatwoods,"3,527,493"
Riparian,South Florida Everglades Sawgrass Marsh,"3,172,645"
Riparian,Rocky Mountain Subalpine/Upper Montane Riparian Systems,"3,067,373"
Riparian,North American Warm Desert Riparian Systems,"2,899,344"
Riparian,Central Atlantic Coastal Plain Wet Longleaf Pine Savanna and Flatwoods,"2,824,574"
Riparian,Southern Coastal Plain Seepage Swamp and Baygall,"2,660,575"
Riparian,Laurentian-Acadian Floodplain Systems,"2,643,717"
Riparian,California Montane Riparian Systems,"2,536,216"
Riparian,Tamaulipan Riparian Systems,"2,186,490"
Riparian,North American Warm Desert Riparian Systems - Stringers,"2,114,091"
Riparian,Laurentian-Acadian Swamp Systems,"2,067,906"
Riparian,North Pacific Lowland Riparian Forest and Shrubland,"1,971,481"
Riparian,Laurentian-Acadian Shrub-Herbaceous Wetland Systems,"1,918,095"
Riparian,Central Interior and Appalachian Floodplain Systems - Large Floodplains,"1,701,675"
Riparian,Atlantic Coastal Plain Peatland Pocosin and Canebrake,"1,283,774"
Riparian,Southern Coastal Plain Nonriverine Cypress Dome,"1,265,476"
Riparian,Central Interior and Appalachian Shrub-Herbaceous Wetland Systems,"1,181,711"
Riparian,Central Atlantic Coastal Plain Nonriverine Swamp and Wet Hardwood Forest,"1,048,125"
Riparian,East Gulf Coastal Plain Southern Loblolly-Hardwood Flatwoods,"924,775"
Riparian,Alaska Arctic Pendantgrass Freshwater Marsh,"869,249"
Riparian,Floridian Highlands Freshwater Marsh,"868,646"
Riparian,Alaska Arctic Tidal Marsh,"731,386"
Riparian,Caribbean Swamp Systems,"711,841"
Riparian,Western North American Boreal Deciduous Shrub Swamp,"604,556"
Riparian,Atlantic Coastal Plain Streamhead Seepage Swamp-Pocosin-Baygall,"566,475"
Riparian,North Pacific Montane Riparian Woodland and Shrubland - Wet,"558,906"
Riparian,Edwards Plateau Riparian,"369,386"
Riparian,Aleutian Floodplain Wetland,"343,531"
Riparian,Western Great Plains Depressional Wetland Systems - Playa,"336,768"
Riparian,Caribbean Coastal Wetland Systems,"312,041"
Riparian,Aleutian Freshwater Marsh,"276,270"
Riparian,Great Lakes Coastal Marsh Systems,"258,669"
Riparian,Great Lakes Wet-Mesic Lakeplain Prairie,"227,435"
Riparian,North Pacific Montane Riparian Woodland and Shrubland - Dry,"198,630"
Riparian,Great Lakes Wooded Dune and Swale,"157,987"
Riparian,Western North American Boreal Riparian Stringer Forest and Shrubland,"147,497"
Riparian,Temperate Pacific Freshwater Emergent Marsh,"141,920"
Riparian,Pacific Coastal Marsh Systems,"109,499"
Riparian,North Pacific Swamp Systems,"108,749"
Riparian,South Florida Cypress Dome,"95,601"
Riparian,Atlantic Coastal Plain Clay-Based Carolina Bay Wetland,"83,913"
Riparian,Alaskan Pacific Maritime Coastal Meadow and Slough-Levee,"27,467"
Riparian,Temperate Pacific Tidal Salt and Brackish Marsh,"20,975"
Riparian,Western Great Plains Depressional Wetland Systems - Saline,"20,150"
Riparian,Aleutian Tidal Marsh,"5,409"
Riparian,Alaskan Pacific Maritime Alpine Floodplain,"4,948"
Riparian,Tamaulipan Floodplain,"2,984"
Riparian,North Pacific Shrub Swamp,"2,885"
Riparian,Alaska Arctic Coastal Brackish Meadow,11
Riparian,Alaskan Pacific Maritime Shrub and Herbaceous Floodplain Wetland,5
Shrubland,Inter-Mountain Basins Big Sagebrush Steppe,"39,152,579"
Shrubland,Inter-Mountain Basins Mixed Salt Desert Scrub,"31,310,745"
Shrubland,Inter-Mountain Basins Montane Sagebrush Steppe,"28,139,814"
Shrubland,Sonora-Mojave Creosotebush-White Bursage Desert Scrub,"26,267,477"
Shrubland,Great Basin Xeric Mixed Sagebrush Shrubland,"22,555,004"
Shrubland,Inter-Mountain Basins Big Sagebrush Shrubland - Upland,"20,550,929"
Shrubland,Inter-Mountain Basins Big Sagebrush Shrubland - Wyoming Big Sagebrush,"20,367,495"
Shrubland,Western North American Boreal Mesic Scrub Birch-Willow Shrubland - Alaska Sub-boreal,"15,355,914"
Shrubland,Western Great Plains Sandhill Steppe,"13,843,941"
Shrubland,Mojave Mid-Elevation Mixed Desert Scrub,"12,508,465"
Shrubland,Inter-Mountain Basins Greasewood Flat,"10,584,008"
Shrubland,Alaska Arctic Mesic-Wet Willow Shrubland,"10,221,704"
Shrubland,Tamaulipan Mixed Deciduous Thornscrub,"8,734,631"
Shrubland,Alaska Arctic Scrub Birch-Ericaceous Shrubland - Infrequent Fire,"7,892,893"
Shrubland,Western North American Boreal Alpine Ericaceous Dwarf-Shrubland - Complex,"7,680,598"
Shrubland,Chihuahuan Succulent Desert Scrub,"6,911,484"
Shrubland,Alaska Arctic Scrub Birch-Ericaceous Shrubland - Frequent Fire,"6,849,798"
Shrubland,Sonoran Granite Outcrop Desert Scrub,"5,893,991"
Shrubland,Inter-Mountain Basins Big Sagebrush Shrubland - Semi-Desert,"5,790,696"
Shrubland,Alaska Arctic Mesic Alder Shrubland,"5,184,900"
Shrubland,Sonora-Mojave Mixed Salt Desert Scrub,"5,007,754"
Shrubland,Inter-Mountain Basins Semi-Desert Shrub-Steppe,"4,766,422"
Shrubland,Alaska Arctic Dwarf-Shrubland - Frequent Fire,"4,690,296"
Shrubland,Mogollon Chaparral,"4,503,138"
Shrubland,Northern and Central California Dry-Mesic Chaparral,"4,408,411"
Shrubland,Aleutian Mesic Alder-Salmonberry Shrubland,"4,016,299"
Shrubland,Alaska Sub-boreal Mesic Subalpine Alder Shrubland,"3,800,843"
Shrubland,Southern California Coastal Scrub,"3,676,255"
Shrubland,Northwestern Great Plains Shrubland,"3,668,026"
Shrubland,Rocky Mountain Gambel Oak-Mixed Montane Shrubland,"3,642,283"
Shrubland,Aleutian Crowberry-Herbaceous Heath,"3,581,145"
Shrubland,Inter-Mountain Basins Montane Sagebrush Steppe - Mountain Big Sagebrush,"3,432,798"
Shrubland,Chihuahuan Mixed Desert and Thorn Scrub - Steppe,"3,321,063"
Shrubland,Inter-Mountain Basins Big Sagebrush Shrubland - Basin Big Sagebrush,"3,312,627"
Shrubland,Inter-Mountain Basins Mat Saltbush Shrubland,"3,156,023"
Shrubland,Alaska Arctic Mesic Sedge-Willow Tundra,"3,074,457"
Shrubland,Alaska Arctic Non-Acidic Dryas Dwarf-Shrubland,"2,754,736"
Shrubland,Alaska Arctic Acidic Dryas Dwarf-Shrubland,"2,693,041"
Shrubland,Sonoran Paloverde-Mixed Cacti Desert Scrub,"2,479,749"
Shrubland,Sonoran Mid-Elevation Desert Scrub,"2,439,598"
Shrubland,Alaskan Pacific Maritime Alpine Dwarf-Shrubland,"2,414,630"
Shrubland,Southern California Dry-Mesic Chaparral,"2,392,660"
Shrubland,Chihuahuan Creosotebush Desert Scrub,"2,327,576"
Shrubland,Colorado Plateau Mixed Low Sagebrush Shrubland,"2,300,726"
Shrubland,Western Great Plains Wooded Draw and Ravine,"2,221,918"
Shrubland,Southern Colorado Plateau Sand Shrubland,"2,103,489"
Shrubland,Aleutian Mixed Dwarf-Shrub-Herbaceous Shrubland,"1,949,006"
Shrubland,Sonora-Mojave Semi-Desert Chaparral,"1,936,915"
Shrubland,Colorado Plateau Blackbrush-Mormon-tea Shrubland,"1,910,347"
Shrubland,Chihuahuan Mixed Desert and Thorn Scrub - Shrubland,"1,874,289"
Shrubland,Chihuahuan Mixed Desert and Thorn Scrub,"1,841,585"
Shrubland,Inter-Mountain Basins Curl-leaf Mountain Mahogany Woodland and Shrubland,"1,824,401"
Shrubland,Western North American Boreal Alpine Dwarf-Shrub Summit,"1,805,766"
Shrubland,Inter-Mountain Basins Big Sagebrush Shrubland,"1,747,620"
Shrubland,Tamaulipan Calcareous Thornscrub,"1,688,741"
Shrubland,Rocky Mountain Lower Montane-Foothill Shrubland,"1,654,986"
Shrubland,Alaskan Pacific Maritime Subalpine Alder-Salmonberry Shrubland,"1,524,268"
Shrubland,Alaska Arctic Dwarf-Shrubland - Infrequent Fire,"1,320,031"
Shrubland,Western Great Plains Mesquite Woodland and Shrubland,"1,258,277"
Shrubland,Columbia Plateau Scabland Shrubland,"1,202,702"
Shrubland,Apacherian-Chihuahuan Mesquite Upland Scrub,"1,109,591"
Shrubland,Northern Rocky Mountain Montane-Foothill Deciduous Shrubland,"1,106,633"
Shrubland,California Mesic Chaparral,"1,005,956"
Shrubland,Columbia Plateau Low Sagebrush Steppe,"903,500"
Shrubland,Rocky Mountain Gambel Oak-Mixed Montane Shrubland  - Continuous,"748,591"
Shrubland,Chihuahuan Mixed Salt Desert Scrub,"741,278"
Shrubland,Aleutian Mesic-Wet Willow Shrubland,"617,179"
Shrubland,Inter-Mountain Basins Montane Sagebrush Steppe - Low Sagebrush,"565,431"
Shrubland,Great Basin Semi-Desert Chaparral,"558,703"
Shrubland,Florida Peninsula Inland Scrub,"554,169"
Shrubland,Chihuahuan Stabilized Coppice Dune and Sand Flat Scrub,"509,579"
Shrubland,Aleutian Sparse Heath and Fell-Field,"496,399"
Shrubland,California Montane Woodland and Chaparral,"489,194"
Shrubland,Alaskan Pacific Maritime Avalanche Slope Shrubland,"438,589"
Shrubland,Rocky Mountain Gambel Oak-Mixed Montane Shrubland - Patchy,"374,762"
Shrubland,North Pacific Dry and Mesic Alpine Dwarf-Shrubland or Fell-field or Meadow,"279,327"
Shrubland,Northern California Coastal Scrub,"256,668"
Shrubland,Alaska Sub-boreal Avalanche Slope Shrubland,"211,070"
Shrubland,Aleutian Oval-leaf Blueberry Shrubland,"202,098"
Shrubland,Western North American Boreal Alpine Floodplain - Higher Elevations,"171,679"
Shrubland,Western North American Boreal Mesic Scrub Birch-Willow Shrubland - Boreal,"158,412"
Shrubland,Rocky Mountain Alpine Dwarf-Shrubland,"151,745"
Shrubland,Western North American Boreal Alpine Floodplain - Lower Elevations,"145,200"
Shrubland,Alaska Arctic Coastal Sedge-Dwarf-Shrubland,"117,671"
Shrubland,Wyoming Basins Dwarf Sagebrush Shrubland and Steppe,"110,381"
Shrubland,Acadian-Appalachian Subalpine Woodland and Heath-Krummholz,"77,489"
Shrubland,Mediterranean California Mesic Serpentine Woodland and Chaparral,"68,387"
Shrubland,Madrean Oriental Chaparral,"54,329"
Shrubland,North Pacific Montane Shrubland,"50,413"
Shrubland,Acadian-Appalachian Alpine Tundra,"45,955"
Shrubland,South Texas Lomas,"41,034"
Shrubland,California Xeric Serpentine Chaparral,"37,506"
Shrubland,North Pacific Avalanche Chute Shrubland,"36,237"
Shrubland,Rocky Mountain Lower Montane-Foothill Shrubland - No True Mountain Mahogany,"27,788"
Shrubland,Sierra Nevada Alpine Dwarf-Shrubland,"25,977"
Shrubland,California Maritime Chaparral,"21,051"
Shrubland,Mediterranean California Alpine Fell-Field,"11,872"
Shrubland,Rocky Mountain Lower Montane-Foothill Shrubland - True Mountain Mahogany,"5,234"
Shrubland,Western North American Boreal Active Inland Dune,291
Shrubland,Western North American Boreal Dry Aspen-Steppe Bluff - Higher Elevations,166
